관리기관명,소재지도로명주소,소재지지번주소,설치목적구분,카메라대수,카메라화소수,촬영방면정보,보관일수,설치년월,관리기관전화번호,위도,경도,데이터기준일자
대전광역시 서구청,대전광역시 서구 신갈마로 209번길 65(갈마동),대전광역시 서구 갈마동 301-1,생활방범,1,,360도 전방면,30,Feb.06,042-288-2682,36.3520826,127.3648259,2020.1.7
대전광역시 서구청,대전광역시 서구 계룡로 416번길 28(갈마동),대전광역시 서구 갈마동 344-21,생활방범,1,,360도 전방면,30,Feb.06,042-288-2682,36.3488951,127.3728867,2020.1.7
대전광역시 서구청,대전광역시 서구 관저중로 94번길(관저동),대전광역시 서구 관저동 1016,생활방범,1,,360도 전방면,30,Feb.06,042-288-2682,36.3004514,127.3352062,2020.1.7
대전광역시 서구청,대전광역시 서구 도솔로 388번길 8(괴정동),대전광역시 서구 괴정동 423-21,생활방범,2,,360도 전방면,30,Feb.06,042-288-2682,36.3406739,127.388711,2020.1.7
대전광역시 서구청,대전광역시 서구 괴정로 11번길 73(갈마동),대전광역시 서구 갈마동 1416,생활방범,1,,360도 전방면,30,Jan.07,042-288-2682,36.3425622,127.3765201,2020.1.7
대전광역시 서구청,대전광역시 서구 도솔4길 25(도마동),대전광역시 서구 도마동 120-29,생활방범,1,,360도 전방면,30,Jan.07,042-288-2682,36.3166954,127.372328,2020.1.7
대전광역시 서구청,대전광역시 서구 도솔로 511번길 51(용문동),대전광역시 서구 용문동 215-21,생활방범,1,,360도 전방면,30,Jan.07,042-288-2682,36.342031,127.401156,2020.1.7
대전광역시 서구청,대전광역시 서구 월평중로 13번길 53(월평동),대전광역시 서구 월평동 1041,생활방범,1,,360도 전방면,30,Jan.07,042-288-2682,36.3554745,127.3607093,2020.1.7
대전광역시 서구청,대전광역시 서구 신갈마로 230번길 19(갈마동),대전광역시 서구 갈마동 264-31,생활방범,1,,360도 전방면,30,Aug.07,042-288-2682,36.3541763,127.3703029,2020.1.7
대전광역시 서구청,대전광역시 서구 갈마중로 28(갈마동),대전광역시 서구 갈마동 345-1,생활방범,1,,360도 전방면,30,Aug.07,042-288-2682,36.347594,127.3724643,2020.1.7
대전광역시 서구청,대전광역시 서구 괴정로 115번길 30(괴정동),대전광역시 서구 괴정동 50-1,생활방범,1,,360도 전방면,30,Aug.07,042-288-2682,36.338353,127.3868875,2020.1.7
대전광역시 서구청,대전광역시 서구 도솔로 349번길 28(괴정동),대전광역시 서구 괴정동 60-15,생활방범,1,,360도 전방면,30,Aug.07,042-288-2682,36.339425,127.3843951,2020.1.7
대전광역시 서구청,대전광역시 서구 도솔로 327번길 12(괴정동),대전광역시 서구 괴정동 79-16,생활방범,1,,360도 전방면,30,Aug.07,042-288-2682,36.3376797,127.383207,2020.1.7
대전광역시 서구청,대전광역시 서구 바탕들1길 27(도마동),대전광역시 서구 도마동 138-37,생활방범,1,,360도 전방면,30,Aug.07,042-288-2682,36.3131884,127.383931,2020.1.7
대전광역시 서구청,대전광역시 서구 사마6길 79(도마동),대전광역시 서구 도마동 107-5,생활방범,1,,360도 전방면,30,Aug.07,042-288-2682,36.3181382,127.3740653,2020.1.7
대전광역시 서구청,대전광역시 서구 계룡로 245번길 40(월평동),대전광역시 서구 월평동 1204,생활방범,1,,360도 전방면,30,Aug.07,042-288-2682,36.3544963,127.355469,2020.1.7
대전광역시 서구청,대전광역시 서구 월평중로 14번길 37(월평동),대전광역시 서구 월평동 689,생활방범,1,,360도 전방면,30,Aug.07,042-288-2682,36.3557811,127.366147,2020.1.7
대전광역시 서구청,대전광역시 서구 문정로 112번안길 8-11(탄방동),대전광역시 서구 탄방동 877,생활방범,1,,360도 전방면,30,Aug.07,042-288-2682,36.3452628,127.3921922,2020.1.7
대전광역시 서구청,대전광역시 서구 벌곡로 1379번길 33(가수원동),대전광역시 서구 가수원동 769-1,생활방범,1,,360도 전방면,30,Jun.08,042-288-2682,36.303755,127.3518844,2020.1.7
대전광역시 서구청,대전광역시 서구 신갈마로 141번길 10-1(갈마동),대전광역시 서구 갈마동 377-21,생활방범,1,,360도 전방면,30,Jun.08,042-288-2682,36.3464149,127.3677574,2020.1.7
대전광역시 서구청,대전광역시 서구 대덕대로 135번길 25(갈마동),대전광역시 서구 갈마동 1152,생활방범,1,,360도 전방면,30,Jun.08,042-288-2682,36.3456917,127.373329,2020.1.7
대전광역시 서구청,대전광역시 서구 갈마중로50번길 72(갈마동),대전광역시 서구 갈마동 1196,생활방범,1,,360도 전방면,30,Jun.08,042-288-2682,36.3438978,127.3739383,2020.1.7
대전광역시 서구청,대전광역시 서구 구봉로 147번길 76-3(관저동),대전광역시 서구 관저동 1304,생활방범,1,,360도 전방면,30,Jun.08,042-288-2682,36.2999309,127.338303,2020.1.7
대전광역시 서구청,대전광역시 서구 도마 16길 46(도마동),대전광역시 서구 도마동 71-48,생활방범,1,,360도 전방면,30,Jun.08,042-288-2682,36.320711,127.3789413,2020.1.7
대전광역시 서구청,대전광역시 서구 도마6길 122(도마동),대전광역시 서구 도마동 87-36,생활방범,1,,360도 전방면,30,Jun.08,042-288-2682,36.3174098,127.3804356,2020.1.7
대전광역시 서구청,대전광역시 서구 도솔2길 15(도마동),대전광역시 서구 도마동 109-14,생활방범,1,,360도 전방면,30,Jun.08,042-288-2682,36.317973,127.3729819,2020.1.7
대전광역시 서구청,대전광역시 서구 도솔5길 65(도마동),대전광역시 서구 도마동 161-12,생활방범,1,,360도 전방면,30,Jun.08,042-288-2682,36.3140792,127.3713549,2020.1.7
대전광역시 서구청,대전광역시 서구 대덕대로 175번길 30 (둔산동),대전광역시 서구 둔산동 1115,생활방범,1,,360도 전방면,30,Jun.08,042-288-2682,36.3500214,127.3755883,2020.1.7
대전광역시 서구청,대전광역시 서구 만년남로 11번길 26(만년동),대전광역시 서구 만년동 235,생활방범,1,,360도 전방면,30,Jun.08,042-288-2682,36.3663146,127.3751851,2020.1.7
대전광역시 서구청,대전광역시 서구 도산로 207번길 49(변동),대전광역시 서구 변동 23-52,생활방범,1,,360도 전방면,30,Jun.08,042-288-2682,36.3273977,127.3771967,2020.1.7
대전광역시 서구청,대전광역시 서구 변정3길 18(변동),대전광역시 서구 변동 45-1,생활방범,1,,360도 전방면,30,Jun.08,042-288-2682,36.3232816,127.3827235,2020.1.7
대전광역시 서구청,대전광역시 서구 아랫강길4길 65(용문동),대전광역시 서구 용문동 225-46,생활방범,1,,360도 전방면,30,Jun.08,042-288-2682,36.3397244,127.398092,2020.1.7
대전광역시 서구청,대전광역시 서구 괴정로181번길 37(용문동),대전광역시 서구 용문동 279-9,생활방범,1,,360도 전방면,30,Jun.08,042-288-2682,36.334586,127.3920279,2020.1.7
대전광역시 서구청,대전광역시 서구 월평중로13번길 103(월평동),대전광역시 서구 월평동 1123,생활방범,1,,360도 전방면,30,Jun.08,042-288-2682,36.3546927,127.358767,2020.1.7
대전광역시 서구청,대전광역시 서구 월평중로24번길 39(월평동),대전광역시 서구 월평동 599,생활방범,1,,360도 전방면,30,Jun.08,042-288-2682,36.3567667,127.3660726,2020.1.7
대전광역시 서구청,대전광역시 서구 월평로90번길 27(월평동),대전광역시 서구 월평동 721,생활방범,1,,360도 전방면,30,Jun.08,042-288-2682,36.354712,127.3678006,2020.1.7
대전광역시 서구청,대전광역시 서구 유등로669번길 28-6(탄방동),대전광역시 서구 탄방동 1347,생활방범,1,,360도 전방면,30,Jun.08,042-288-2682,36.3475012,127.400617,2020.1.7
대전광역시 서구청,대전광역시 서구 도산로 419-17(탄방동),대전광역시 서구 탄방동 75-2,생활방범,1,,360도 전방면,30,Jun.08,042-288-2682,36.340922,127.3953605,2020.1.7
대전광역시 서구청,대전광역시 서구 관저북로92(관저동),대전광역시 서구 관저동 984-1,생활방범,1,,360도 전방면,30,Jul.08,042-288-2682,36.3098696,127.3373411,2020.1.7
대전광역시 서구청,대전광역시 서구 관저로196(관저동),대전광역시 서구 관저동 1397,생활방범,1,,360도 전방면,30,Jul.08,042-288-2682,36.298447,127.3441714,2020.1.7
대전광역시 서구청,대전광역시 서구 복수동로 26(복수동),대전광역시 서구 복수동 453,생활방범,1,,360도 전방면,30,Jul.08,042-288-2682,36.3018897,127.3780576,2020.1.7
대전광역시 서구청,대전광역시 서구 복수동로 26(복수동),대전광역시 서구 복수동 452,생활방범,1,,360도 전방면,30,Jul.08,042-288-2682,36.3018897,127.3780576,2020.1.7
대전광역시 서구청,대전광역시 서구 괴곡길 42( 정림동),대전광역시 서구 괴곡동 361-2,생활방범,1,,360도 전방면,30,Jul.08,042-288-2682,36.29528642,127.3615412,2020.1.7
대전광역시 서구청,대전광역시 서구 괴곡길 42 (정림동),대전광역시 서구 괴곡동 370-2,생활방범,2,,360도 전방면,30,Jul.08,042-288-2682,36.29528642,127.3615412,2020.1.7
대전광역시 서구청,대전광역시 서구 벌곡로1353번길 27(가수원동),대전광역시 서구 가수원동 773-10,생활방범,1,,360도 전방면,30,May.09,042-288-2682,36.3016679,127.352953,2020.1.7
대전광역시 서구청,대전광역시 서구 가장로150(가장동),대전광역시 서구 가장동 25-1,생활방범,2,,360도 전방면,30,May.09,042-288-2682,36.3307097,127.3878688,2020.1.7
대전광역시 서구청,대전광역시 서구 신갈마로141번길 45(갈마동),대전광역시 서구 갈마동 389,생활방범,2,,360도 전방면,30,May.09,042-288-2682,36.345201,127.365724,2020.1.7
대전광역시 서구청,대전광역시 서구 대덕대로112번길 10(갈마동),대전광역시 서구 갈마동 1417,생활방범,1,,360도 전방면,30,May.09,042-288-2682,36.3429228,127.3749888,2020.1.7
대전광역시 서구청,대전광역시 서구 대덕대로 83-74(갈마동),대전광역시 서구 갈마동 1486,생활방범,1,,360도 전방면,30,May.09,042-288-2682,36.3415084,127.3732099,2020.1.7
대전광역시 서구청,대전광역시 서구 관저동로 161(관저동),대전광역시 서구 관저동 992,생활방범,1,,360도 전방면,30,May.09,042-288-2682,36.3064008,127.3399704,2020.1.7
대전광역시 서구청,대전광역시 서구 관저로 45(관저동),대전광역시 서구 관저동 1141,생활방범,1,,360도 전방면,30,May.09,042-288-2682,36.2977253,127.3263858,2020.1.7
대전광역시 서구청,대전광역시 서구 관저중로61(관저동),대전광역시 서구 관저동 1152,생활방범,1,,360도 전방면,30,May.09,042-288-2682,36.2974922,127.333991,2020.1.7
대전광역시 서구청,대전광역시 서구 괴정로85-35(괴정동),대전광역시 서구 괴정동 62-19,생활방범,1,,360도 전방면,30,May.09,042-288-2682,36.3403546,127.3840228,2020.1.7
대전광역시 서구청,대전광역시 서구 도솔로252번길 49(내동),대전광역시 서구 내동 17-13,생활방범,1,,360도 전방면,30,May.09,042-288-2682,36.3311255,127.380031,2020.1.7
대전광역시 서구청,대전광역시 서구 대신1길 72(도마동),대전광역시 서구 도마동 183-41,생활방범,1,,360도 전방면,30,May.09,042-288-2682,36.311853,127.3809275,2020.1.7
대전광역시 서구청,대전광역시 서구 도마로7번길 29(도마동),대전광역시 서구 도마동 24-34,생활방범,1,,360도 전방면,30,May.09,042-288-2682,36.3238179,127.3709849,2020.1.7
대전광역시 서구청,대전광역시 서구 도마15길 18(도마동),대전광역시 서구 도마동 78-41,생활방범,1,,360도 전방면,30,May.09,042-288-2682,36.3200236,127.3804706,2020.1.7
대전광역시 서구청,대전광역시 서구 제비네6길 69(도마동),대전광역시 서구 도마동 149-1,생활방범,1,,360도 전방면,30,May.09,042-288-2682,36.3148642,127.3756728,2020.1.7
대전광역시 서구청,대전광역시 서구 도림1길 15(도마동),대전광역시 서구 도마동 163-11,생활방범,1,,360도 전방면,30,May.09,042-288-2682,36.3118069,127.3728654,2020.1.7
대전광역시 서구청,대전광역시 서구 문정로221(둔산동),대전광역시 서구 둔산동 1385,생활방범,1,,360도 전방면,30,May.09,042-288-2682,36.3544859,127.3942853,2020.1.7
대전광역시 서구청,대전광역시 서구 둔산남로9번길 87(둔산동),대전광역시 서구 둔산동 1185,생활방범,1,,360도 전방면,30,May.09,042-288-2682,36.3506831,127.3806567,2020.1.7
대전광역시 서구청,대전광역시 서구 유등로 879(둔산동),대전광역시 서구 둔산동 907-1,생활방범,1,,360도 전방면,30,May.09,042-288-2682,36.3631747,127.3933667,2020.1.7
대전광역시 서구청,대전광역시 서구 청사로 269(둔산동),대전광역시 서구 둔산동 908-3,생활방범,1,,360도 전방면,30,May.09,042-288-2682,36.3599556,127.3937583,2020.1.7
대전광역시 서구청,대전광역시 서구 둔산북로232-52(둔산동),대전광역시 서구 둔산동 1808,생활방범,1,,360도 전방면,30,May.09,042-288-2682,36.3534118,127.4000238,2020.1.7
대전광역시 서구청,대전광역시 서구 둔산로206번길 26(둔산동),대전광역시 서구 둔산동 1905,생활방범,1,,360도 전방면,30,May.09,042-288-2682,36.3499821,127.3965306,2020.1.7
대전광역시 서구청,대전광역시 서구 만년남로14(만년동),대전광역시 서구 만년동 280,생활방범,1,,360도 전방면,30,May.09,042-288-2682,36.3671313,127.3772881,2020.1.7
대전광역시 서구청,대전광역시 서구 동서대로968(변동),대전광역시 서구 변동 254-439,생활방범,1,,360도 전방면,30,May.09,042-288-2682,36.3331629,127.3694495,2020.1.7
대전광역시 서구청,대전광역시 서구 복수북로69(복수동),대전광역시 서구 복수동 283-414,생활방범,1,,360도 전방면,30,May.09,042-288-2682,36.3082432,127.3774794,2020.1.7
대전광역시 서구청,대전광역시 서구 월평서로13(월평동),대전광역시 서구 월평동 1182,생활방범,1,,360도 전방면,30,May.09,042-288-2682,36.3546657,127.3576029,2020.1.7
대전광역시 서구청,대전광역시 서구 월평새뜸로4번길 49-26(월평동),대전광역시 서구 월평동 1308,생활방범,1,,360도 전방면,30,May.09,042-288-2682,36.3539459,127.355339,2020.1.7
대전광역시 서구청,대전광역시 서구 월평동로21(?평동),대전광역시 서구 월평동 663,생활방범,1,,360도 전방면,30,May.09,042-288-2682,36.3564024,127.367573,2020.1.7
대전광역시 서구청,대전광역시 서구 정림로 32(정림동),대전광역시 서구 정림동 650,생활방범,1,,360도 전방면,30,May.09,042-288-2682,36.303648,127.3665528,2020.1.7
대전광역시 서구청,대전광역시 서구 남선로9번길 67(탄방동),대전광역시 서구 탄방동 1054,생활방범,1,,360도 전방면,30,May.09,042-288-2682,36.345793,127.3957954,2020.1.7
대전광역시 서구청,대전광역시 서구 탄방로15(탄방동),대전광역시 서구 탄방동 814,생활방범,1,,360도 전방면,30,May.09,042-288-2682,36.3459363,127.3910094,2020.1.7
대전광역시 서구청,대전광역시 서구 동서대로1063번길 4(내동),대전광역시 서구 내동 13-1,생활방범,2,,360도 전방면,30,Sep.09,042-288-2682,36.3299619,127.3794775,2020.1.7
대전광역시 서구청,대전광역시 서구 동서대로1049(내동),대전광역시 서구 내동 13-20,생활방범,2,,360도 전방면,30,Sep.09,042-288-2682,36.3307788,127.3779863,2020.1.7
대전광역시 서구청,대전광역시 서구 도솔로252번길15(내동),대전광역시 서구 내동 18-28,생활방범,1,,360도 전방면,30,Sep.09,042-288-2682,36.3319709,127.3786273,2020.1.7
대전광역시 서구청,대전광역시 서구 갈마역로125(월평동),대전광역시 서구 월평동 304 성룡초,생활방범,2,,360도 전방면,30,Sep.09,042-288-2682,36.3619316,127.3735855,2020.1.7
대전광역시 서구청,대전광역시 서구 갈마역로125(월평동),대전광역시 서구 월평동 304 황실@103동,생활방범,2,,360도 전방면,30,Sep.09,042-288-2682,36.3619316,127.3735855,2020.1.7
대전광역시 서구청,대전광역시 서구 갈마역로125(월평동),대전광역시 서구 월평동 304 황실@110동,생활방범,2,,360도 전방면,30,Sep.09,042-288-2682,36.3619316,127.3735855,2020.1.7
대전광역시 서구청,대전광역시 서구 갈마역로125(월평동),대전광역시 서구 월평동 304 황실@118동,생활방범,2,,360도 전방면,30,Sep.09,042-288-2682,36.3619316,127.3735855,2020.1.7
대전광역시 서구청,대전광역시 서구 계백로1286번길117(정림동),대전광역시 서구 정림동 197-23,생활방범,2,,360도 전방면,30,Sep.09,042-288-2682,36.3028654,127.3675234,2020.1.7
대전광역시 서구청,대전광역시 서구 정림동로8-6(정림동),대전광역시 서구 정림동 635 정림초교 공원쪽,생활방범,2,,360도 전방면,30,Sep.09,042-288-2682,36.3040266,127.3663961,2020.1.7
대전광역시 서구청,대전광역시 서구 계백로1286번길86(정림동),대전광역시 서구 정림동 637 정림초교 주민센터,생활방범,2,,360도 전방면,30,Sep.09,042-288-2682,36.3041598,127.3668816,2020.1.7
대전광역시 서구청,,대전광역시 서구 평촌동 산 12-17,생활방범,2,,360도 전방면,30,May.09,042-288-2682,36.238622,127.317439,2020.1.7
대전광역시 서구청,,대전광역시 서구 둔산동 2154,생활방범,3,,360도 전방면,30,May.09,042-288-2682,36.238622,127.317439,2020.1.7
대전광역시 서구청,대전광역시 서구 가수원중로 43-11(가수원동),대전광역시 서구 가수원동 788-4,생활방범,1,,360도 전방면,30,Jul.10,042-288-2682,36.3007522,127.3530783,2020.1.7
대전광역시 서구청,대전광역시 서구 괴정로198번길 46(가장동),대전광역시 서구 가장동 23-1,생활방범,1,,360도 전방면,30,Jul.10,042-288-2682,36.3310955,127.3895956,2020.1.7
대전광역시 서구청,대전광역시 서구 계룡로407번길 73(갈마동),대전광역시 서구 갈마동 268-1,생활방범,1,,360도 전방면,30,Jul.10,042-288-2682,36.3529583,127.370219,2020.1.7
대전광역시 서구청,대전광역시 서구 한밭대로656번길 28(갈마동),대전광역시 서구 갈마동 780 2번출구,생활방범,1,,360도 전방면,30,Jul.10,042-288-2682,36.356464,127.3714158,2020.1.7
대전광역시 서구청,대전광역시 서구 갈마역로25번길 47(갈마동),대전광역시 서구 갈마동 886,생활방범,1,,360도 전방면,30,Jul.10,042-288-2682,36.3526844,127.371642,2020.1.7
대전광역시 서구청,대전광역시 서구 갈마중로46번길 15(갈마동),대전광역시 서구 갈마동 1082,생활방범,1,,360도 전방면,30,Jul.10,042-288-2682,36.3465582,127.3740863,2020.1.7
대전광역시 서구청,대전광역시 서구 갈마중로8번길 64(갈마동),대전광역시 서구 갈마동 405-5,생활방범,1,,360도 전방면,30,Jul.10,042-288-2682,36.3447738,127.3708398,2020.1.7
대전광역시 서구청,대전광역시 서구 대덕대로167번길 53(갈마동),대전광역시 서구 갈마동 910,생활방범,1,,360도 전방면,30,Jul.10,042-288-2682,36.3496162,127.3737722,2020.1.7
대전광역시 서구청,대전광역시 서구 괴정로116번길 12(괴정동),대전광역시 서구 괴정동 80-12,생활방범,1,,360도 전방면,30,Jul.10,042-288-2682,36.3371451,127.384972,2020.1.7
대전광역시 서구청,대전광역시 서구 도솔로322번길 21-10(괴정동),대전광역시 서구 괴정동 83-61,생활방범,1,,360도 전방면,30,Jul.10,042-288-2682,36.335724,127.3851306,2020.1.7
대전광역시 서구청,대전광역시 서구 동서대로1021번길 36(내동),대전광역시 서구 내동 20-60,생활방범,1,,360도 전방면,30,Jul.10,042-288-2682,36.3332876,127.3767143,2020.1.7
대전광역시 서구청,대전광역시 서구 도마2길 43(도마동)),대전광역시 서구 도마동 134-39,생활방범,1,,360도 전방면,30,Jul.10,042-288-2682,36.3146379,127.3815366,2020.1.7
대전광역시 서구청,대전광역시 서구 도학1길 13(도마동),대전광역시 서구 도마동 48-1,생활방범,1,,360도 전방면,30,Jul.10,042-288-2682,36.321823,127.372578,2020.1.7
대전광역시 서구청,대전광역시 서구 사마3길 12 (도마동),대전광역시 서구 도마동 127-28,생활방범,1,,360도 전방면,30,Jul.10,042-288-2682,36.3166155,127.3777714,2020.1.7
대전광역시 서구청,대전광역시 서구 제비네8길 35(도마동),대전광역시 서구 도마동 165-1,생활방범,1,,360도 전방면,30,Jul.10,042-288-2682,36.312612,127.375392,2020.1.7
대전광역시 서구청,대전광역시 서구 문정로170번길 137(둔산동),대전광역시 서구 둔산동 2064,생활방범,1,,360도 전방면,30,Jul.10,042-288-2682,36.350689,127.4006625,2020.1.7
대전광역시 서구청,,대전광역시 서구 둔산동 2167,생활방범,1,,360도 전방면,30,Jul.10,042-288-2682,36.349411,127.401297,2020.1.7
대전광역시 서구청,대전광역시 서구 배재로233번길 31(변동),대전광역시 서구 변동 253-53,생활방범,1,,360도 전방면,30,Jul.10,042-288-2682,36.3296446,127.368994,2020.1.7
대전광역시 서구청,대전광역시 서구 오량1길 63(복수동),대전광역시 서구 복수동 283-148,생활방범,1,,360도 전방면,30,Jul.10,042-288-2682,36.3108662,127.3777191,2020.1.7
대전광역시 서구청,대전광역시 서구 오량1길 40(복수동),대전광역시 서구 복수동 283-38,생활방범,1,,360도 전방면,30,Jul.10,042-288-2682,36.310282,127.375769,2020.1.7
대전광역시 서구청,대전광역시 서구 도솔로511번길29-1(용문동),대전광역시 서구 용문동 218-20,생활방범,1,,360도 전방면,30,Jul.10,042-288-2682,36.3415485,127.4001616,2020.1.7
대전광역시 서구청,대전광역시 서구 탄방로 108(용문동),대전광역시 서구 용문동 241-4,생활방범,2,,360도 전방면,30,Jul.10,042-288-2682,36.339094,127.3963886,2020.1.7
대전광역시 서구청,대전광역시 서구 계룡로264번길 34(월평동),대전광역시 서구 월평동 16-3,생활방범,1,,360도 전방면,30,Jul.10,042-288-2682,36.3530423,127.3604139,2020.1.7
대전광역시 서구청,대전광역시 서구 월평로27번길 1(월평동),대전광역시 서구 월평동 405,생활방범,1,,360도 전방면,30,Jul.10,042-288-2682,36.3567316,127.3601731,2020.1.7
대전광역시 서구청,대전광역시 서구 남선로37(탄방동),대전광역시 서구 탄방동 1133,생활방범,1,,360도 전방면,30,Jul.10,042-288-2682,36.3466301,127.3970255,2020.1.7
대전광역시 서구청,대전광역시 서구 도솔로483번길 74(탄방동),대전광역시 서구 탄방동 1483-1,생활방범,1,,360도 전방면,30,Jul.10,042-288-2682,36.3444654,127.3997215,2020.1.7
대전광역시 서구청,대전광역시 서구 큰마을4길 10(탄방동),대전광역시 서구 탄방동 511-56,생활방범,1,,360도 전방면,30,Jul.10,042-288-2682,36.342575,127.3792383,2020.1.7
대전광역시 서구청,대전광역시 서구 벌곡로 1359(가수원동),대전광역시 서구 가수원동 471,생활방범,1,,360도 전방면,30,Dec.10,042-288-2682,36.3027731,127.3528022,2020.1.7
대전광역시 서구청,대전광역시 서구 가수원중로57번길 73(가수원동),대전광역시 서구 가수원동 815-6,생활방범,1,,360도 전방면,30,Dec.10,042-288-2682,36.297265,127.3538631,2020.1.7
대전광역시 서구청,대전광역시 서구 괴정로198번길 56(가장동),대전광역시 서구 가장동 27-1,생활방범,1,,360도 전방면,30,Dec.10,042-288-2682,36.3304872,127.3894299,2020.1.7
대전광역시 서구청,대전광역시 서구 유등로431번길 47(가장동),대전광역시 서구 가장동 29-2,생활방범,2,,360도 전방면,30,Dec.10,042-288-2682,36.3303949,127.3875984,2020.1.7
대전광역시 서구청,대전광역시 서구 들말4길 24(가장동),대전광역시 서구 가장동 40-6,생활방범,1,,360도 전방면,30,Dec.10,042-288-2682,36.3294505,127.3842821,2020.1.7
대전광역시 서구청,대전광역시 서구 계룡로342번길 28(갈마동),대전광역시 서구 갈마동 295-17,생활방범,1,,360도 전방면,30,Dec.10,042-288-2682,36.3527263,127.3664028,2020.1.7
대전광역시 서구청,대전광역시 서구 신갈마로 160-2(갈마동),대전광역시 서구 갈마동 363-1,생활방범,1,,360도 전방면,30,Dec.10,042-288-2682,36.3479378,127.3687511,2020.1.7
대전광역시 서구청,대전광역시 서구 신갈마로127번길 28(갈마동),대전광역시 서구 갈마동 389,생활방범,1,,360도 전방면,30,Dec.10,042-288-2682,36.3449708,127.3668533,2020.1.7
대전광역시 서구청,대전광역시 서구 신갈마로 121-6(갈마동),대전광역시 서구 갈마동 392-6,생활방범,1,,360도 전방면,30,Dec.10,042-288-2682,36.3445936,127.3681241,2020.1.7
대전광역시 서구청,대전광역시 서구 계룡로367번길 86(갈마동),대전광역시 서구 갈마동 787,생활방범,1,,360도 전방면,30,Dec.10,042-288-2682,36.3561651,127.3711136,2020.1.7
대전광역시 서구청,대전광역시 서구 계룡로367번길 92(갈마동),대전광역시 서구 갈마동 789,생활방범,1,,360도 전방면,30,Dec.10,042-288-2682,36.3564445,127.3712919,2020.1.7
대전광역시 서구청,,대전광역시 서구 갈마동 1318,생활방범,1,,360도 전방면,30,Dec.10,042-288-2682,36.341597,127.375356,2020.1.7
대전광역시 서구청,대전광역시 서구 갈마로103번길 41(갈마동),대전광역시 서구 갈마동 402-1,생활방범,1,,360도 전방면,30,Dec.10,042-288-2682,36.3448057,127.3715904,2020.1.7
대전광역시 서구청,대전광역시 서구 관저로129번길 26(관저동),대전광역시 서구 관저동 1063,생활방범,1,,360도 전방면,30,Dec.10,042-288-2682,36.2998801,127.336619,2020.1.7
대전광역시 서구청,대전광역시 서구 관저중로 61(관저동),대전광역시 서구 관저동 1152,생활방범,1,,360도 전방면,30,Dec.10,042-288-2682,36.2974922,127.333991,2020.1.7
대전광역시 서구청,대전광역시 서구 관저동로93번길 55(관저동),대전광역시 서구 관저동 1247,생활방범,1,,360도 전방면,30,Dec.10,042-288-2682,36.3004783,127.337153,2020.1.7
대전광역시 서구청,,대전광역시 서구 관저동 1365,생활방범,1,,360도 전방면,30,Dec.10,042-288-2682,36.298058,127.339136,2020.1.7
대전광역시 서구청,대전광역시 서구 관저동로42(관저동),대전광역시 서구 관저동 1393,생활방범,1,,360도 전방면,30,Dec.10,042-288-2682,36.2963016,127.3426207,2020.1.7
대전광역시 서구청,대전광역시 서구 관저로 196(관저동),대전광역시 서구 관저동 1396,생활방범,1,,360도 전방면,30,Dec.10,042-288-2682,36.298447,127.3441714,2020.1.7
대전광역시 서구청,대전광역시 서구 관저동로90번길 16(관저동),대전광역시 서구 관저동 1419,생활방범,1,,360도 전방면,30,Dec.10,042-288-2682,36.299936,127.3415632,2020.1.7
대전광역시 서구청,대전광역시 서구 괴정로 16번길 5(괴정동),대전광역시 서구 괴정동 123-6,생활방범,1,,360도 전방면,30,Dec.10,042-288-2682,36.3397036,127.376822,2020.1.7
대전광역시 서구청,,대전광역시 서구 괴정동 138-5,생활방범,2,,360도 전방면,30,Dec.10,042-288-2682,36.336211,127.376294,2020.1.7
대전광역시 서구청,대전광역시 서구 당고개길 48(평촌동),대전광역시 서구 기성동 297,생활방범,1,,360도 전방면,30,Dec.10,042-288-2682,36.2417941,127.3161442,2020.1.7
대전광역시 서구청,대전광역시 서구 기성초교길 42(매노동),대전광역시 서구 기성동 163,생활방범,1,,360도 전방면,30,Dec.10,042-288-2682,36.248798,127.3376612,2020.1.7
대전광역시 서구청,대전광역시 서구 대덕대로21번길 5-8(내동),대전광역시 서구 내동 161-7,생활방범,1,,360도 전방면,30,Dec.10,042-288-2682,36.3354984,127.3719025,2020.1.7
대전광역시 서구청,대전광역시 서구 도솔로267번길 32(내동),대전광역시 서구 내동 33-7,생활방범,1,,360도 전방면,30,Dec.10,042-288-2682,36.334377,127.3778953,2020.1.7
대전광역시 서구청,대전광역시 서구 도마4길 71 (도마동),대전광역시 서구 도마동 132-4,생활방범,1,,360도 전방면,30,Dec.10,042-288-2682,36.315828,127.380817,2020.1.7
대전광역시 서구청,대전광역시 서구 대신1길 86(도마동),대전광역시 서구 도마동 182-8,생활방범,1,,360도 전방면,30,Dec.10,042-288-2682,36.3114406,127.3816176,2020.1.7
대전광역시 서구청,대전광역시 서구 배재로186번길 25(도마동),대전광역시 서구 도마동 21-39,생활방범,1,,360도 전방면,30,Dec.10,042-288-2682,36.3251628,127.371803,2020.1.7
대전광역시 서구청,대전광역시 서구 도마로19번길 30(도마동),대전광역시 서구 도마동 31-11,생활방범,1,,360도 전방면,30,Dec.10,042-288-2682,36.323714,127.3724397,2020.1.7
대전광역시 서구청,대전광역시 서구 도마로37번길 55(도마동),대전광역시 서구 도마동 37-28,생활방범,2,,360도 전방면,30,Dec.10,042-288-2682,36.32487749,127.3744628,2020.1.7
대전광역시 서구청,대전광역시 서구 용화7길 68(도마동),대전광역시 서구 도마동 45-1,생활방범,1,,360도 전방면,30,Dec.10,042-288-2682,36.3215995,127.3745087,2020.1.7
대전광역시 서구청,대전광역시 서구 제비네8길 83(도마동),대전광역시 서구 도마동 152-4,생활방범,1,,360도 전방면,30,Dec.10,042-288-2682,36.3145754,127.3748947,2020.1.7
대전광역시 서구청,대전광역시 서구 배재로46번길 90(도마동),대전광역시 서구 도마동 155-4,생활방범,1,,360도 전방면,30,Dec.10,042-288-2682,36.3128332,127.3738571,2020.1.7
대전광역시 서구청,대전광역시 서구 제비네4길 35(도마동),대전광역시 서구 도마동 171-1,생활방범,2,,360도 전방면,30,Dec.10,042-288-2682,36.3133316,127.377878,2020.1.7
대전광역시 서구청,대전광역시 서구 문정로 221(둔산동),대전광역시 서구 둔산동 1386,생활방범,1,,360도 전방면,30,Dec.10,042-288-2682,36.3544859,127.3942853,2020.1.7
대전광역시 서구청,대전광역시 서구 문정로 221(둔산동),대전광역시 서구 둔산동 1813,생활방범,1,,360도 전방면,30,Dec.10,042-288-2682,36.3544859,127.3942853,2020.1.7
대전광역시 서구청,대전광역시 서구 둔산남로9번길 53(둔산동),대전광역시 서구 둔산동 1193,생활방범,1,,360도 전방면,30,Dec.10,042-288-2682,36.3503743,127.3788075,2020.1.7
대전광역시 서구청,대전광역시 서구 둔산로74번길 20(둔산동),대전광역시 서구 둔산동 1205,생활방범,1,,360도 전방면,30,Dec.10,042-288-2682,36.3501609,127.3814486,2020.1.7
대전광역시 서구청,대전광역시 서구 둔산로74번길 20(둔산동),대전광역시 서구 둔산동 1205,생활방범,1,,360도 전방면,30,Dec.10,042-288-2682,36.3501609,127.3814486,2020.1.7
대전광역시 서구청,대전광역시 서구 계룡로491번길 28(둔산동),대전광역시 서구 둔산동 1234,생활방범,1,,360도 전방면,30,Dec.10,042-288-2682,36.34616069,127.3809969,2020.1.7
대전광역시 서구청,대전광역시 서구 문정로 180(둔산동),대전광역시 서구 둔산동 1813,생활방범,1,,360도 전방면,30,Dec.10,042-288-2682,36.3502855,127.3961116,2020.1.7
대전광역시 서구청,대전광역시 서구 문정로 180(둔산동),대전광역시 서구 둔산동 1813,생활방범,1,,360도 전방면,30,Dec.10,042-288-2682,36.3502855,127.3961116,2020.1.7
대전광역시 서구청,대전광역시 서구 문정로 170번길 59(둔산동),대전광역시 서구 둔산동 2008,생활방범,1,,360도 전방면,30,Dec.10,042-288-2682,36.3496225,127.399272,2020.1.7
대전광역시 서구청,대전광역시 서구 만년남로11번길 50(만년동),대전광역시 서구 만년동 157,생활방범,1,,360도 전방면,30,Dec.10,042-288-2682,36.3664162,127.373912,2020.1.7
대전광역시 서구청,대전광역시 서구 만년로 13(만년동),대전광역시 서구 만년동 6,생활방범,1,,360도 전방면,30,Dec.10,042-288-2682,36.3675278,127.3743452,2020.1.7
대전광역시 서구청,대전광역시 서구 만년로 13(만년동),대전광역시 서구 만년동 7,생활방범,1,,360도 전방면,30,Dec.10,042-288-2682,36.3675278,127.3743452,2020.1.7
대전광역시 서구청,대전광역시 서구 변동서로6번길 106(변동),대전광역시 서구 변동 254-159,생활방범,1,,360도 전방면,30,Dec.10,042-288-2682,36.3334512,127.3682364,2020.1.7
대전광역시 서구청,대전광역시 서구 배재로227번길 58(변동),대전광역시 서구 변동 254-364,생활방범,1,,360도 전방면,30,Dec.10,042-288-2682,36.3299455,127.3685933,2020.1.7
대전광역시 서구청,대전광역시 서구 중반5길 102(변동),대전광역시 서구 변동 38-34,생활방범,1,,360도 전방면,30,Dec.10,042-288-2682,36.3259936,127.3853763,2020.1.7
대전광역시 서구청,대전광역시 서구 중반2길 118(변동),대전광역시 서구 변동 40-4,생활방범,1,,360도 전방면,30,Dec.10,042-288-2682,36.32416987,127.385019,2020.1.7
대전광역시 서구청,대전광역시 서구 오량1길 60(복수동),대전광역시 서구 복수동 283-447,생활방범,1,,360도 전방면,30,Dec.10,042-288-2682,36.310525,127.3770489,2020.1.7
대전광역시 서구청,대전광역시 서구 오량2길 3(복수동),대전광역시 서구 복수동 287-4,생활방범,1,,360도 전방면,30,Dec.10,042-288-2682,36.3099366,127.3750618,2020.1.7
대전광역시 서구청,대전광역시 서구 복수남로32번길 15(복수동),대전광역시 서구 복수동 503,생활방범,1,,좌우양방향,30,Dec.10,042-288-2682,36.29915788,127.3778791,2020.1.7
대전광역시 서구청,대전광역시 서구 복수동로 65(복수동),대전광역시 서구 복수동 646,생활방범,1,,360도 전방면,30,Dec.10,042-288-2682,36.2983569,127.3787793,2020.1.7
대전광역시 서구청,대전광역시 서구 월평로34번길 26-12(월평동),대전광역시 서구 월평동 1046,생활방범,1,,360도 전방면,30,Dec.10,042-288-2682,36.3549044,127.3604421,2020.1.7
대전광역시 서구청,대전광역시 서구 월평중로24번길 39(월평동),대전광역시 서구 월평동 599,생활방범,1,,360도 전방면,30,Dec.10,042-288-2682,36.3567667,127.366044,2020.1.7
대전광역시 서구청,대전광역시 서구 월평로87번길 29(월평동),대전광역시 서구 월평동 653,생활방범,1,,360도 전방면,30,Dec.10,042-288-2682,36.357589,127.3669088,2020.1.7
대전광역시 서구청,대전광역시 서구 정림동로 25(정림동),대전광역시 서구 정림동 127-5,생활방범,1,,360도 전방면,30,Dec.10,042-288-2682,36.3050136,127.3684681,2020.1.7
대전광역시 서구청,대전광역시 서구 정림서로138번길 26(정림동),대전광역시 서구 정림동 290-23,생활방범,1,,360도 전방면,30,Dec.10,042-288-2682,36.2991886,127.364184,2020.1.7
대전광역시 서구청,,대전광역시 서구 정림동 473-1 백목련@102 천변쪽,생활방범,1,,360도 전방면,30,Dec.10,042-288-2682,36.238622,127.317439,2020.1.7
대전광역시 서구청,,대전광역시 서구 정림동 563 강변어린이공원,생활방범,1,,360도 전방면,30,Dec.10,042-288-2682,36.306328,127.364389,2020.1.7
대전광역시 서구청,대전광역시 서구 탄방로 65(탄방동),대전광역시 서구 탄방동 67-1,생활방범,1,,360도 전방면,30,Dec.10,042-288-2682,36.34299836,127.3946315,2020.1.7
대전광역시 서구청,대전광역시 서구 탄방로 26(탄방동),대전광역시 서구 탄방동 780,생활방범,1,,360도 전방면,30,Dec.10,042-288-2682,36.344158,127.390397,2020.1.7
대전광역시 서구청,대전광역시 서구 탄방로 15(탄방동),대전광역시 서구 탄방동 814,생활방범,1,,360도 전방면,30,Dec.10,042-288-2682,36.3459363,127.3910094,2020.1.7
대전광역시 서구청,대전광역시 서구 가수원중로 6(가수원동),대전광역시 서구 가수원동 807-1,생활방범,1,,360도 전방면,30,Aug.11,042-288-2682,36.298999,127.3541895,2020.1.7
대전광역시 서구청,대전광역시 서구 계룡로 383-17(갈마동),대전광역시 서구 갈마동 271-11,생활방범,1,,360도 전방면,30,Aug.11,042-288-2682,36.3519294,127.3716413,2020.1.7
대전광역시 서구청,대전광역시 서구 신갈마로195번길 13(갈마동),대전광역시 서구 갈마동 316-1,생활방범,1,,360도 전방면,30,Aug.11,042-288-2682,36.3507138,127.367414,2020.1.7
대전광역시 서구청,대전광역시 서구 월평동로26번길 31(갈마동),대전광역시 서구 갈마동 716,생활방범,1,,360도 전방면,30,Aug.11,042-288-2682,36.357319,127.3702391,2020.1.7
대전광역시 서구청,대전광역시 서구 대덕대로162번길 856(갈마동),대전광역시 서구 갈마동 1421,생활방범,1,,360도 전방면,30,Aug.11,042-288-2682,36.344339,127.378675,2020.1.7
대전광역시 서구청,대전광역시 서구 계룡로406번길 29(갈마동),대전광역시 서구 갈마동 344-26,생활방범,1,,360도 전방면,30,Aug.11,042-288-2682,36.3490742,127.3726658,2020.1.7
대전광역시 서구청,대전광역시 서구 갈마중로 6-31(갈마동),대전광역시 서구 갈마동 394-2,생활방범,1,,360도 전방면,30,Aug.11,042-288-2682,36.346194,127.3700736,2020.1.7
대전광역시 서구청,대전광역시 서구 관저북로 26(관저동),대전광역시 서구 관저동 999-1,생활방범,1,,360도 전방면,30,Aug.11,042-288-2682,36.3041098,127.3373642,2020.1.7
대전광역시 서구청,대전광역시 서구 관저동로105번길 20(관저동),대전광역시 서구 관저동 1199,생활방범,1,,360도 전방면,30,Aug.11,042-288-2682,36.3017001,127.3394336,2020.1.7
대전광역시 서구청,대전광역시 서구 갈마로219번길 12-20(괴정동),대전광역시 서구 괴정동 93-26,생활방범,1,,360도 전방면,30,Aug.11,042-288-2682,36.3354697,127.3803907,2020.1.7
대전광역시 서구청,대전광역시 서구 금평3길 17(흑석동),대전광역시 서구 흑석동 975,생활방범,2,,360도 전방면,30,Aug.11,042-288-2682,36.2541781,127.3414915,2020.1.7
대전광역시 서구청,대전광역시 서구 대덕대로21번길 18(내동),대전광역시 서구 내동 158-14,생활방범,1,,360도 전방면,30,Aug.11,042-288-2682,36.336067,127.3715459,2020.1.7
대전광역시 서구청,대전광역시 서구 도마로13번길 16(도마동),대전광역시 서구 도마동 29-17,생활방범,1,,360도 전방면,30,Aug.11,042-288-2682,36.3231471,127.3717922,2020.1.7
대전광역시 서구청,대전광역시 서구 제비네2길 19(도마동),대전광역시 서구 도마동 128-104,생활방범,1,,360도 전방면,30,Aug.11,042-288-2682,36.315467,127.3784363,2020.1.7
대전광역시 서구청,대전광역시 서구 둔산로31번길 21(둔산동),대전광역시 서구 둔산동 988,생활방범,1,,360도 전방면,30,Aug.11,042-288-2682,36.3526636,127.3772652,2020.1.7
대전광역시 서구청,대전광역시 서구 문정로170번길 196(둔산동),대전광역시 서구 둔산동 1830,생활방범,1,,360도 전방면,30,Aug.11,042-288-2682,36.3508437,127.397433,2020.1.7
대전광역시 서구청,대전광역시 서구 만년남로3번길 75(만년동),대전광역시 서구 만년동 89,생활방범,1,,360도 전방면,30,Aug.11,042-288-2682,36.3652905,127.372303,2020.1.7
대전광역시 서구청,대전광역시 서구 중반6길 33(변동),대전광역시 서구 변동 32-37,생활방범,1,,360도 전방면,30,Aug.11,042-288-2682,36.326061,127.3823801,2020.1.7
대전광역시 서구청,대전광역시 서구 변동중로45번길 27(변동),대전광역시 서구 변동 7,생활방범,1,,360도 전방면,30,Aug.11,042-288-2682,36.329142,127.373111,2020.1.7
대전광역시 서구청,대전광역시 서구 복수중로 30(복수동),대전광역시 서구 복수동 270-1,생활방범,1,,360도 전방면,30,Aug.11,042-288-2682,36.3067297,127.376909,2020.1.7
대전광역시 서구청,대전광역시 서구 괴정로189번길 29(용문동),대전광역시 서구 용문동 280-76,생활방범,1,,360도 전방면,30,Aug.11,042-288-2682,36.3337988,127.3923447,2020.1.7
대전광역시 서구청,대전광역시 서구 월평새뜸로8번길 50(월평동),대전광역시 서구 월평동 1301,생활방범,1,,360도 전방면,30,Aug.11,042-288-2682,36.3533593,127.356194,2020.1.7
대전광역시 서구청,대전광역시 서구 월평로 46(월평동),대전광역시 서구 월평동 915,생활방범,1,,360도 전방면,30,Aug.11,042-288-2682,36.3559803,127.362042,2020.1.7
대전광역시 서구청,대전광역시 서구 계백로1286번길 11(정림동),대전광역시 서구 정림동 13-16,생활방범,2,,360도 전방면,30,Aug.11,042-288-2682,36.3074644,127.365936,2020.1.7
대전광역시 서구청,대전광역시 서구 도솔로483번길 22(탄방동),대전광역시 서구 탄방동 1407,생활방범,1,,360도 전방면,30,Aug.11,042-288-2682,36.3425617,127.3982388,2020.1.7
대전광역시 서구청,대전광역시 서구 문정로90번길 15(탄방동),대전광역시 서구 탄방동 789,생활방범,1,,360도 전방면,30,Aug.11,042-288-2682,36.3459513,127.3895365,2020.1.7
대전광역시 서구청,대전광역시 서구 벌곡로1379번길 33(가수원동),대전광역시 서구 가수원동 769-1,생활방범,1,,360도 전방면,30,Sep.11,042-288-2682,36.303755,127.3518844,2020.1.7
대전광역시 서구청,대전광역시 서구 가수원로 72(가수원동),대전광역시 서구 가수원동 769-2,생활방범,1,,좌우양방향,30,Sep.11,042-288-2682,36.3017893,127.351542,2020.1.7
대전광역시 서구청,대전광역시 서구 가수원중로65번길 22(가수원동),대전광역시 서구 가수원동 802-1,생활방범,1,,360도 전방면,30,Sep.11,042-288-2682,36.298075,127.3521552,2020.1.7
대전광역시 서구청,대전광역시 서구 계룡로 338(갈마동),대전광역시 서구 갈마동 291-14,생활방범,1,,360도 전방면,30,Sep.11,042-288-2682,36.3535506,127.3664986,2020.1.7
대전광역시 서구청,대전광역시 서구 신갈마로195번길 51(갈마동),대전광역시 서구 갈마동 321-1,생활방범,1,,360도 전방면,30,Sep.11,042-288-2682,36.3504891,127.3649815,2020.1.7
대전광역시 서구청,대전광역시 서구 신갈마로127번길 47(갈마동),대전광역시 서구 갈마동 390-1,생활방범,1,,360도 전방면,30,Sep.11,042-288-2682,36.3446561,127.3659736,2020.1.7
대전광역시 서구청,대전광역시 서구 대덕대로112번길 10(갈마동),대전광역시 서구 갈마동 1417,생활방범,1,,360도 전방면,30,Sep.11,042-288-2682,36.3429228,127.374924,2020.1.7
대전광역시 서구청,대전광역시 서구 대덕대로112번길 10(갈마동),대전광역시 서구 갈마동 1417,생활방범,1,,360도 전방면,30,Sep.11,042-288-2682,36.3429228,127.3749888,2020.1.7
대전광역시 서구청,대전광역시 서구 계룡로394번길 10(갈마동),대전광역시 서구 갈마동 309-10,생활방범,1,,360도 전방면,30,Sep.11,042-288-2682,36.3507536,127.3712006,2020.1.7
대전광역시 서구청,대전광역시 서구 도안대로 98(관저동),대전광역시 서구 관저동 49-20,생활방범,1,,360도 전방면,30,Sep.11,042-288-2682,36.3108098,127.3357519,2020.1.7
대전광역시 서구청,대전광역시 서구 관저로 83(관저동),대전광역시 서구 관저동 1129,생활방범,1,,360도 전방면,30,Sep.11,042-288-2682,36.2997858,127.3325319,2020.1.7
대전광역시 서구청,대전광역시 서구 관저로 83(관저동),대전광역시 서구 관저동 1130,생활방범,1,,360도 전방면,30,Sep.11,042-288-2682,36.2997858,127.3325319,2020.1.7
대전광역시 서구청,대전광역시 서구 관저로 65(관저동),대전광역시 서구 관저동 1134,생활방범,1,,360도 전방면,30,Sep.11,042-288-2682,36.2991622,127.3289955,2020.1.7
대전광역시 서구청,대전광역시 서구 구봉로 11(관저동),대전광역시 서구 관저동 1138,생활방범,1,,360도 전방면,30,Sep.11,042-288-2682,36.2987274,127.3257159,2020.1.7
대전광역시 서구청,대전광역시 서구 관저중로 65(관저동),대전광역시 서구 관저동 1151,생활방범,1,,360도 전방면,30,Sep.11,042-288-2682,36.298167,127.334078,2020.1.7
대전광역시 서구청,대전광역시 서구 관저서로 36(관저동),대전광역시 서구 관저동 1156,생활방범,1,,360도 전방면,30,Sep.11,042-288-2682,36.2956239,127.3309218,2020.1.7
대전광역시 서구청,대전광역시 서구 관저동로 47-15(관저동),대전광역시 서구 관저동 1397,생활방범,1,,360도 전방면,30,Sep.11,042-288-2682,36.2960924,127.3396554,2020.1.7
대전광역시 서구청,대전광역시 서구 갈마로183번길 41(괴정동),대전광역시 서구 괴정동 122-2,생활방범,1,,360도 전방면,30,Sep.11,042-288-2682,36.3395643,127.3780256,2020.1.7
대전광역시 서구청,대전광역시 서구 용문로 41-17(괴정동),대전광역시 서구 괴정동 425-1,생활방범,1,,360도 전방면,30,Sep.11,042-288-2682,36.3397323,127.3887384,2020.1.7
대전광역시 서구청,대전광역시 서구 계룡로576번길 56(괴정동),대전광역시 서구 괴정동 43-8,생활방범,1,,360도 전방면,30,Sep.11,042-288-2682,36.3407605,127.3845061,2020.1.7
대전광역시 서구청,대전광역시 서구 도산로335번길 62(괴정동),대전광역시 서구 괴정동 51-1,생활방범,1,,360도 전방면,30,Sep.11,042-288-2682,36.3378159,127.3863851,2020.1.7
대전광역시 서구청,대전광역시 서구 금평4길 11(흑석동),대전광역시 서구 흑석동 983,생활방범,1,,360도 전방면,30,Sep.11,042-288-2682,36.2541001,127.3417426,2020.1.7
대전광역시 서구청,대전광역시 서구 세점길 11(흑석동),대전광역시 서구 흑석동 842,생활방범,1,,360도 전방면,30,Sep.11,042-288-2682,36.2548919,127.340062,2020.1.7
대전광역시 서구청,대전광역시 서구 동서대로1047번길 16(내동),대전광역시 서구 내동 16-1,생활방범,1,,360도 전방면,30,Sep.11,042-288-2682,36.3312896,127.3784589,2020.1.7
대전광역시 서구청,대전광역시 서구 도솔로245번길 40(내동),대전광역시 서구 내동 23-10,생활방범,1,,360도 전방면,30,Sep.11,042-288-2682,36.333065,127.3757921,2020.1.7
대전광역시 서구청,대전광역시 서구 도산로253번길 15(내동),대전광역시 서구 내동 8-1,생활방범,1,,360도 전방면,30,Sep.11,042-288-2682,36.3304408,127.382062,2020.1.7
대전광역시 서구청,대전광역시 서구 제비네8길 35(도마동),대전광역시 서구 도마동 165-1,생활방범,1,,360도 전방면,30,Sep.11,042-288-2682,36.312612,127.3753177,2020.1.7
대전광역시 서구청,대전광역시 서구 도학4길 39(도마동),대전광역시 서구 도마동 207-3,생활방범,1,,360도 전방면,30,Sep.11,042-288-2682,36.3217493,127.3714626,2020.1.7
대전광역시 서구청,대전광역시 서구 도림1길 29(도마동),대전광역시 서구 도마동 163-21,생활방범,1,,360도 전방면,30,Sep.11,042-288-2682,36.312267,127.3724857,2020.1.7
대전광역시 서구청,대전광역시 서구 문정로 279(둔산동),대전광역시 서구 둔산동 910,생활방범,1,,360도 전방면,30,Sep.11,042-288-2682,36.3594639,127.3941743,2020.1.7
대전광역시 서구청,대전광역시 서구 둔산북로 232-11(둔산동),대전광역시 서구 둔산동 1808,생활방범,1,,360도 전방면,30,Sep.11,042-288-2682,36.3555537,127.4012241,2020.1.7
대전광역시 서구청,대전광역시 서구 만년남로3번길 101(만년동),대전광역시 서구 만년동 24,생활방범,1,,360도 전방면,30,Sep.11,042-288-2682,36.3653829,127.370911,2020.1.7
대전광역시 서구청,대전광역시 서구 만년남로 14(만년동),대전광역시 서구 만년동 246,생활방범,1,,360도 전방면,30,Sep.11,042-288-2682,36.3671313,127.3772881,2020.1.7
대전광역시 서구청,대전광역시 서구 만년로3(만년동),대전광역시 서구 만년동 8,생활방범,1,,360도 전방면,30,Sep.11,042-288-2682,36.3684026,127.3739393,2020.1.7
대전광역시 서구청,대전광역시 서구 변동서로28번길 133-35(변동),대전광역시 서구 변동 254-182,생활방범,1,,360도 전방면,30,Sep.11,042-288-2682,36.3315919,127.368764,2020.1.7
대전광역시 서구청,대전광역시 서구 중반4길 100(변동),대전광역시 서구 변동 37-29,생활방범,1,,360도 전방면,30,Sep.11,042-288-2682,36.325575,127.3851556,2020.1.7
대전광역시 서구청,대전광역시 서구 변정3길 18(변동),대전광역시 서구 변동 45-1,생활방범,1,,360도 전방면,30,Sep.11,042-288-2682,36.3232816,127.3827235,2020.1.7
대전광역시 서구청,대전광역시 서구 복수북로 61(복수동),대전광역시 서구 복수동 283-397,생활방범,1,,360도 전방면,30,Sep.11,042-288-2682,36.3084941,127.3766868,2020.1.7
대전광역시 서구청,대전광역시 서구 유등로17번길 143(복수동),대전광역시 서구 복수동 569,생활방범,1,,360도 전방면,30,Sep.11,042-288-2682,36.299283,127.3743365,2020.1.7
대전광역시 서구청,대전광역시 서구 복수남로12번길 28(복수동),대전광역시 서구 복수동 689,생활방범,1,,360도 전방면,30,Sep.11,042-288-2682,36.2985489,127.3806906,2020.1.7
대전광역시 서구청,대전광역시 서구 복수남로 37(복수동),대전광역시 서구 복수동 752,생활방범,1,,360도 전방면,30,Sep.11,042-288-2682,36.29799524,127.3773357,2020.1.7
대전광역시 서구청,대전광역시 서구 복수동로 100-12(복수동),대전광역시 서구 복수동 815,생활방범,1,,360도 전방면,30,Sep.11,042-288-2682,36.296064,127.3764603,2020.1.7
대전광역시 서구청,대전광역시 서구 복수남로11번길 21(복수동),대전광역시 서구 복수동 898,생활방범,1,,360도 전방면,30,Sep.11,042-288-2682,36.29647161,127.3792432,2020.1.7
대전광역시 서구청,대전광역시 서구 월평로14(월평동),대전광역시 서구 월평동 1152,생활방범,1,,360도 전방면,30,Sep.11,042-288-2682,36.3553066,127.358972,2020.1.7
대전광역시 서구청,대전광역시 서구 월평로27번길 1(월평동),대전광역시 서구 월평동 405,생활방범,1,,360도 전방면,30,Sep.11,042-288-2682,36.3567316,127.360122,2020.1.7
대전광역시 서구청,,대전광역시 서구 월평동 801,생활방범,1,,360도 전방면,30,Sep.11,042-288-2682,36.355367,127.365897,2020.1.7
대전광역시 서구청,대전광역시 서구 갈마역로 139(월평동),대전광역시 서구 월평동 221,생활방범,1,,360도 전방면,30,Sep.11,042-288-2682,36.3632346,127.3735472,2020.1.7
대전광역시 서구청,대전광역시 서구 월평동로 61(월평동),대전광역시 서구 월평동 308,생활방범,1,,360도 전방면,30,Sep.11,042-288-2682,36.3607921,127.3676946,2020.1.7
대전광역시 서구청,대전광역시 서구 청사로 27(월평동),대전광역시 서구 월평동 310-2,생활방범,1,,360도 전방면,30,Sep.11,042-288-2682,36.3599812,127.3668866,2020.1.7
대전광역시 서구청,대전광역시 서구 월평동로 83(월평동),대전광역시 서구 월평동 311,생활방범,1,,360도 전방면,30,Sep.11,042-288-2682,36.3620173,127.3669292,2020.1.7
대전광역시 서구청,대전광역시 서구 월평중로 55(월평동),대전광역시 서구 월평동 313,생활방범,1,,360도 전방면,30,Sep.11,042-288-2682,36.359672,127.362869,2020.1.7
대전광역시 서구청,대전광역시 서구 계백로1300번길 43(정림동),대전광역시 서구 정림동 18-16,생활방범,1,,360도 전방면,30,Sep.11,042-288-2682,36.3065141,127.3679338,2020.1.7
대전광역시 서구청,대전광역시 서구 계백로1300번길 124(정림동),대전광역시 서구 정림동 19-4,생활방범,1,,360도 전방면,30,Sep.11,042-288-2682,36.303022,127.3692576,2020.1.7
대전광역시 서구청,대전광역시 서구 정림동로 8-6(정림동),대전광역시 서구 정림동 635,생활방범,1,,360도 전방면,30,Sep.11,042-288-2682,36.3040266,127.3663961,2020.1.7
대전광역시 서구청,대전광역시 서구 정림서로 162-18(정림동),대전광역시 서구 정림동 641,생활방범,1,,360도 전방면,30,Sep.11,042-288-2682,36.3012388,127.3644891,2020.1.7
대전광역시 서구청,대전광역시 서구 정림로 16-10(정림동),대전광역시 서구 정림동 668,생활방범,1,,360도 전방면,30,Sep.11,042-288-2682,36.301867,127.367028,2020.1.7
대전광역시 서구청,대전광역시 서구 남선로 23번길 30(탄방동),대전광역시 서구 탄방동 1051,생활방범,1,,360도 전방면,30,Sep.11,042-288-2682,36.3463384,127.3954636,2020.1.7
대전광역시 서구청,대전광역시 서구 남선로 66(탄방동),대전광역시 서구 탄방동 1084,생활방범,1,,360도 전방면,30,Sep.11,042-288-2682,36.3461571,127.3977644,2020.1.7
대전광역시 서구청,대전광역시 서구 탄방로 65(탄방동),대전광역시 서구 탄방동 59-14,생활방범,1,,360도 전방면,30,Sep.11,042-288-2682,36.34299836,127.3946315,2020.1.7
대전광역시 서구청,대전광역시 서구 계룡로571번길 65(탄방동),대전광역시 서구 탄방동 689,생활방범,1,,360도 전방면,30,Sep.11,042-288-2682,36.3447379,127.3866528,2020.1.7
대전광역시 서구청,대전광역시 서구 가수원로 91-11(가수원동),대전광역시 서구 가수원동 656-48,생활방범,1,,360도 전방면,30,May.12,042-288-2682,36.3016337,127.3489369,2020.1.7
대전광역시 서구청,대전광역시 서구 신갈마로211번안길 88(갈마동),대전광역시 서구 갈마동 358,생활방범,1,,360도 전방면,30,May.12,042-288-2682,36.3493219,127.3639404,2020.1.7
대전광역시 서구청,대전광역시 서구 갈마로 13-5(갈마동),대전광역시 서구 갈마동 308-15,생활방범,1,,360도 전방면,30,May.12,042-288-2682,36.3510183,127.369628,2020.1.7
대전광역시 서구청,대전광역시 서구 갈마로125번길 35(갈마동),대전광역시 서구 갈마동 403-5,생활방범,1,,360도 전방면,30,May.12,042-288-2682,36.343322,127.3727452,2020.1.7
대전광역시 서구청,대전광역시 서구 괴정로54번길 13(괴정동),대전광역시 서구 괴정동 67-6,생활방범,1,,360도 전방면,30,May.12,042-288-2682,36.3402507,127.3809053,2020.1.7
대전광역시 서구청,대전광역시 서구 도솔로305번길 58(괴정동),대전광역시 서구 괴정동 72-35,생활방범,1,,360도 전방면,30,May.12,042-288-2682,36.3378234,127.3796279,2020.1.7
대전광역시 서구청,대전광역시 서구 영골길 82-127(오동),대전광역시 서구 오동 355-7,생활방범,1,,360도 전방면,30,Jun.12,042-288-2682,36.2257074,127.309371,2020.1.7
대전광역시 서구청,대전광역시 서구 신갈마로 55-5(내동),대전광역시 서구 내동 220-8,생활방범,1,,360도 전방면,30,Jun.12,042-288-2682,36.3379159,127.3627822,2020.1.7
대전광역시 서구청,대전광역시 서구 동서대로1014번길 25(내동),대전광역시 서구 내동 28-4,생활방범,1,,360도 전방면,30,Jun.12,042-288-2682,36.3314331,127.3743588,2020.1.7
대전광역시 서구청,대전광역시 서구 도마14길 28(도마동),대전광역시 서구 도마동 52-30,생활방범,1,,360도 전방면,30,Jun.12,042-288-2682,36.320478,127.382192,2020.1.7
대전광역시 서구청,대전광역시 서구 배재로91번길 38-10(도마동),대전광역시 서구 도마동 330-12,생활방범,1,,360도 전방면,30,Jun.12,042-288-2682,36.317512,127.369301,2020.1.7
대전광역시 서구청,대전광역시 서구 문정로 171(둔산동),대전광역시 서구 둔산동 1513,생활방범,1,,360도 전방면,30,Jun.12,042-288-2682,36.3500199,127.3943901,2020.1.7
대전광역시 서구청,대전광역시 서구 둔지로 75(둔산동),대전광역시 서구 둔산동 957,생활방범,1,,360도 전방면,30,Jun.12,042-288-2682,36.3562978,127.375439,2020.1.7
대전광역시 서구청,대전광역시 서구 둔산로 240(둔산동),대전광역시 서구 둔산동 1861,생활방범,1,,360도 전방면,30,Jun.12,042-288-2682,36.3510365,127.4006526,2020.1.7
대전광역시 서구청,대전광역시 서구 동서대로1080번길 37(변동),대전광역시 서구 변동 29-7,생활방범,1,,360도 전방면,30,Jun.12,042-288-2682,36.327454,127.3795219,2020.1.7
대전광역시 서구청,대전광역시 서구 계룡로636번길 14-2(용문동),대전광역시 서구 용문동 589-18,생활방범,1,,360도 전방면,30,Jun.12,042-288-2682,36.3385642,127.3919003,2020.1.7
대전광역시 서구청,대전광역시 서구 계룡로264번길 28-20(월평동),대전광역시 서구 월평동 19-16,생활방범,3,,360도 전방면,30,Jun.12,042-288-2682,36.3522834,127.3602285,2020.1.7
대전광역시 서구청,대전광역시 서구 월평중로4번길 5(월평동),대전광역시 서구 월평동 841,생활방범,1,,360도 전방면,30,Jun.12,042-288-2682,36.354801,127.3643727,2020.1.7
대전광역시 서구청,대전광역시 서구 월평북로 87(월평동),대전광역시 서구 월평동 238,생활방범,1,,360도 전방면,30,Jun.12,042-288-2682,36.3624158,127.378156,2020.1.7
대전광역시 서구청,대전광역시 서구 청사로 70(월평동),대전광역시 서구 월평동,생활방범,1,,360도 전방면,30,Jun.12,042-288-2682,36.3588693,127.371356,2020.1.7
대전광역시 서구청,대전광역시 서구 계백로1249번길 84(정림동),대전광역시 서구 정림동 238-9,생활방범,1,,360도 전방면,30,Jun.12,042-288-2682,36.309767,127.3580126,2020.1.7
대전광역시 서구청,대전광역시 서구 정림서로 201-5(정림동),대전광역시 서구 정림동 421,생활방범,1,,360도 전방면,30,Dec.12,042-288-2682,36.305395,127.3619751,2020.1.7
대전광역시 서구청,대전광역시 서구 정림서로 162-15(정림동),대전광역시 서구 정림동 639,생활방범,1,,360도 전방면,30,Dec.12,042-288-2682,36.3034815,127.3645633,2020.1.7
대전광역시 서구청,대전광역시 서구 남선로 14(탄방동),대전광역시 서구 탄방동 1083,생활방범,1,,360도 전방면,30,Dec.12,042-288-2682,36.3443209,127.3967893,2020.1.7
대전광역시 서구청,대전광역시 서구 남선로60번길 33(탄방동),대전광역시 서구 탄방동 1307,생활방범,1,,360도 전방면,30,Dec.12,042-288-2682,36.3485625,127.4006325,2020.1.7
대전광역시 서구청,대전광역시 서구 도솔로483번길 101(탄방동),대전광역시 서구 탄방동 1379,생활방범,1,,360도 전방면,30,Dec.12,042-288-2682,36.3458152,127.3998415,2020.1.7
대전광역시 서구청,대전광역시 서구 가수원로65번길 47(가수원동),대전광역시 서구 가수원동 780-6,생활방범,1,,360도 전방면,30,Jun.12,042-288-2682,36.2986044,127.351221,2020.1.7
대전광역시 서구청,대전광역시 서구 가수원중로65번길 22(가수원동),대전광역시 서구 가수원동 802-1,생활방범,1,,360도 전방면,30,Jun.12,042-288-2682,36.298075,127.3521552,2020.1.7
대전광역시 서구청,,대전광역시 서구 가장동27-1,생활방범,1,,360도 전방면,30,Jun.12,042-288-2682,36.329684,127.388687,2020.1.7
대전광역시 서구청,대전광역시 서구 갈마로295번길 49(가장동),대전광역시 서구 가장동 47-30,생활방범,1,,360도 전방면,30,Jun.12,042-288-2682,36.332497,127.3870232,2020.1.7
대전광역시 서구청,대전광역시 서구 계룡로326번길 147(갈마동),대전광역시 서구 갈마동 368-15,생활방범,1,,360도 전방면,30,Jun.12,042-288-2682,36.3475085,127.3657989,2020.1.7
대전광역시 서구청,대전광역시 서구 신갈마로86번길 64(갈마동),대전광역시 서구 갈마동,생활방범,1,,360도 전방면,30,Jun.12,042-288-2682,36.3416772,127.3705083,2020.1.7
대전광역시 서구청,대전광역시 서구 한밭대로656번길 10(갈마동),대전광역시 서구 갈마동 775,생활방범,1,,360도 전방면,30,Jun.12,042-288-2682,36.357187,127.371599,2020.1.7
대전광역시 서구청,대전광역시 서구 갈마중로8번길 23(갈마동),대전광역시 서구 갈마동 352-19,생활방범,1,,360도 전방면,30,Jun.12,042-288-2682,36.3464901,127.3705665,2020.1.7
대전광역시 서구청,대전광역시 서구 관저동로 164(관저동),대전광역시 서구 관저동 1898,생활방범,1,,360도 전방면,30,Jun.12,042-288-2682,36.30688873,127.3411391,2020.1.7
대전광역시 서구청,대전광역시 서구 관저로129번길 26(관저동),대전광역시 서구 관저동 1063,생활방범,1,,360도 전방면,30,Jun.12,042-288-2682,36.2998801,127.3366885,2020.1.7
대전광역시 서구청,대전광역시 서구 관저서로 47(관저동),대전광역시 서구 관저동 1146,생활방범,2,,360도 전방면,30,Jun.12,042-288-2682,36.2965935,127.3296198,2020.1.7
대전광역시 서구청,대전광역시 서구 관저서로 70(관저동),대전광역시 서구 관저동 1147,생활방범,1,,360도 전방면,30,Jun.12,042-288-2682,36.2986443,127.3297036,2020.1.7
대전광역시 서구청,대전광역시 서구 관저서로 70(관저동),대전광역시 서구 관저동 1147,생활방범,1,,360도 전방면,30,Jun.12,042-288-2682,36.2986443,127.3297036,2020.1.7
대전광역시 서구청,대전광역시 서구 구봉로147번길 64(관저동),대전광역시 서구 관저동 1342,생활방범,1,,360도 전방면,30,Jun.12,042-288-2682,36.2992558,127.3386734,2020.1.7
대전광역시 서구청,대전광역시 서구 신갈마로 8-22(내동),대전광역시 서구 내동 152-17,생활방범,1,,360도 전방면,30,Jun.12,042-288-2682,36.3351242,127.3686317,2020.1.7
대전광역시 서구청,대전광역시 서구 도솔로 190(도마동),대전광역시 서구 도마동 17-47,생활방범,1,,360도 전방면,30,Jun.12,042-288-2682,36.3274834,127.3744472,2020.1.7
대전광역시 서구청,대전광역시 서구 용화1길 81(도마동),대전광역시 서구 도마동 43-36,생활방범,1,,360도 전방면,30,Jun.12,042-288-2682,36.3216454,127.3758693,2020.1.7
대전광역시 서구청,대전광역시 서구 조달청길 180(도마동),대전광역시 서구 도마동 93-2,생활방범,1,,360도 전방면,30,Jun.12,042-288-2682,36.3190203,127.3819965,2020.1.7
대전광역시 서구청,,대전광역시 서구 둔산동 1385,생활방범,1,,360도 전방면,30,Jun.12,042-288-2682,36.355122,127.394758,2020.1.7
대전광역시 서구청,대전광역시 서구 계룡로491번길 28(둔산동),대전광역시 서구 둔산동 1234,생활방범,1,,360도 전방면,30,Jun.12,042-288-2682,36.34616069,127.3809969,2020.1.7
대전광역시 서구청,,대전광역시 서구 둔산동 1379,생활방범,1,,360도 전방면,30,Jun.12,042-288-2682,36.356119,127.384628,2020.1.7
대전광역시 서구청,대전광역시 서구 청사로 254(둔산동),대전광역시 서구 둔산동 912,생활방범,1,,360도 전방면,30,Jun.12,042-288-2682,36.358847,127.3920699,2020.1.7
대전광역시 서구청,대전광역시 서구 둔산북로 232-33(둔산동),대전광역시 서구 둔산동 1807,생활방범,1,,360도 전방면,30,Jun.12,042-288-2682,36.3542438,127.4009634,2020.1.7
대전광역시 서구청,대전광역시 서구 만년남로11번길 50(만년동),대전광역시 서구 만년동 156,생활방범,1,,360도 전방면,30,Jun.12,042-288-2682,36.3664162,127.373912,2020.1.7
대전광역시 서구청,대전광역시 서구 만년남로 14(만년동),대전광역시 서구 만년동 280,생활방범,1,,360도 전방면,30,Jun.12,042-288-2682,36.3671313,127.3772881,2020.1.7
대전광역시 서구청,대전광역시 서구 복수중로34번길 29(복수동),대전광역시 서구 복수동 272,생활방범,1,,360도 전방면,30,Jun.12,042-288-2682,36.307501,127.3775666,2020.1.7
대전광역시 서구청,,대전광역시 서구 복수동 453,생활방범,1,,360도 전방면,30,Jun.12,042-288-2682,36.238622,127.317439,2020.1.7
대전광역시 서구청,대전광역시 서구 복수남로 6(복수동),대전광역시 서구 복수동 729,생활방범,1,,360도 전방면,30,Jun.12,042-288-2682,36.2972839,127.3805904,2020.1.7
대전광역시 서구청,,대전광역시 서구 복수동 794,생활방범,1,,360도 전방면,30,Jun.12,042-288-2682,36.238622,127.317439,2020.1.7
대전광역시 서구청,,대전광역시 서구 복수동 906,생활방범,1,,360도 전방면,30,Jun.12,042-288-2682,36.295853,127.3792564,2020.1.7
대전광역시 서구청,대전광역시 서구 유등로 3(복수동),대전광역시 서구 복수동 968,생활방범,1,,360도 전방면,30,Jun.12,042-288-2682,36.2942297,127.378361,2020.1.7
대전광역시 서구청,대전광역시 서구 아랫강변4길 68(용문동),대전광역시 서구 용문동 232-1,생활방범,1,,360도 전방면,30,Jun.12,042-288-2682,36.339783,127.3986617,2020.1.7
대전광역시 서구청,대전광역시 서구 용문로 104용문동),대전광역시 서구 용문동 281-1,생활방범,1,,360도 전방면,30,Jun.12,042-288-2682,36.334997,127.392853,2020.1.7
대전광역시 서구청,대전광역시 서구 월평로27번길 15(월평동),대전광역시 서구 월평동 443,생활방범,1,,360도 전방면,30,Jun.12,042-288-2682,36.3573314,127.3600869,2020.1.7
대전광역시 서구청,대전광역시 서구 월평중로4번길 21(월평동),대전광역시 서구 월평동 815,생활방범,1,,360도 전방면,30,Jun.12,042-288-2682,36.3548262,127.365278,2020.1.7
대전광역시 서구청,대전광역시 서구 청사로 65(월평동),대전광역시 서구 월평동 302,생활방범,1,,360도 전방면,30,Jun.12,042-288-2682,36.3609298,127.3717617,2020.1.7
대전광역시 서구청,대전광역시 서구 정림로10번길 41(정림동),대전광역시 서구 정림동 28-33,생활방범,1,,360도 전방면,30,Jun.12,042-288-2682,36.302378,127.3684144,2020.1.7
대전광역시 서구청,대전광역시 서구 계백로1300번길 36(정림동),대전광역시 서구 정림동 124-6,생활방범,1,,360도 전방면,30,Jun.12,042-288-2682,36.3068449,127.367689,2020.1.7
대전광역시 서구청,대전광역시 서구 구봉로 419(정림동),대전광역시 서구 정림동 683,생활방범,1,,360도 전방면,30,Jun.12,042-288-2682,36.3003743,127.3661395,2020.1.7
대전광역시 서구청,대전광역시 서구 도솔로 454(탄방동),대전광역시 서구 탄방동 66-3,생활방범,1,,360도 전방면,30,Jun.12,042-288-2682,36.3437059,127.3942329,2020.1.7
대전광역시 서구청,대전광역시 서구 문정로112번길 48(탄방동),대전광역시 서구 탄방동 812,생활방범,1,,360도 전방면,30,Jun.12,042-288-2682,36.3447071,127.3910145,2020.1.7
대전광역시 서구청,,대전광역시 서구 관저동 862-8,생활방범,2,,360도 전방면,30,Apr.12,042-288-2682,36.286453,127.318756,2020.1.7
대전광역시 서구청,,대전광역시 서구 관저동 872-9,생활방범,2,,360도 전방면,30,Apr.12,042-288-2682,36.288753,127.321094,2020.1.7
대전광역시 서구청,,대전광역시 서구 가수원동-도안동 244,생활방범,3,,360도 전방면,30,Apr.12,042-288-2682,36.323903,127.347736,2020.1.7
대전광역시 서구청,대전광역시 서구 들말4길 24(가장동),대전광역시 서구 가장동 40-6,생활방범,1,,360도 전방면,30,May.13,042-288-2682,36.3294505,127.3842821,2020.1.7
대전광역시 서구청,대전광역시 서구 갈마중로 43(갈마동),대전광역시 서구 갈마동 985,생활방범,1,,360도 전방면,30,May.13,042-288-2682,36.3475316,127.3742791,2020.1.7
대전광역시 서구청,,대전광역시 서구 관저동 1000,생활방범,1,,360도 전방면,30,May.13,042-288-2682,36.303581,127.339033,2020.1.7
대전광역시 서구청,,대전광역시 서구 관저동 1004,생활방범,1,,좌우양방향,30,May.13,042-288-2682,36.309547,127.335547,2020.1.7
대전광역시 서구청,,대전광역시 서구 관저동 985,생활방범,1,,360도 전방면,30,May.13,042-288-2682,36.309297,127.338661,2020.1.7
대전광역시 서구청,,대전광역시 서구 관저동 991,생활방범,1,,360도 전방면,30,May.13,042-288-2682,36.306314,127.338886,2020.1.7
대전광역시 서구청,,대전광역시 서구 관저동 1145,생활방범,1,,360도 전방면,30,May.13,042-288-2682,36.297231,127.328633,2020.1.7
대전광역시 서구청,,대전광역시 서구 관저동 1149,생활방범,1,,360도 전방면,30,May.13,042-288-2682,36.297547,127.331097,2020.1.7
대전광역시 서구청,,대전광역시 서구 관저동 1421,생활방범,1,,좌우양방향,30,May.13,042-288-2682,36.301854,127.343245,2020.1.7
대전광역시 서구청,대전광역시 서구 계백로776번길 115(관저동),대전광역시 서구 관저동 842-2,생활방범,1,,360도 전방면,30,May.13,042-288-2682,36.2845982,127.3224857,2020.1.7
대전광역시 서구청,대전광역시 서구 도솔로 173(도마동),대전광역시 서구 도마동 19-1,생활방범,1,,360도 전방면,30,May.13,042-288-2682,36.3261166,127.3736435,2020.1.7
대전광역시 서구청,대전광역시 서구 오량4길 29(복수동),대전광역시 서구 복수동 283-12,생활방범,1,,360도 전방면,30,May.13,042-288-2682,36.3092992,127.3774376,2020.1.7
대전광역시 서구청,대전광역시 서구 정림로24번길 83(정림동),대전광역시 서구 정림동 20-1,생활방범,1,,360도 전방면,30,May.13,042-288-2682,36.3036239,127.370394,2020.1.7
대전광역시 서구청,대전광역시 서구 정림서로 162-15(정림동),대전광역시 서구 정림동 639,생활방범,1,,360도 전방면,30,May.13,042-288-2682,36.3034815,127.3645633,2020.1.7
대전광역시 서구청,,대전광역시 서구 정림동 87,생활방범,1,,360도 전방면,30,May.13,042-288-2682,36.289917,127.361883,2020.1.7
대전광역시 서구청,대전광역시 서구 탄방로 35 (탄방동),대전광역시 서구 탄방동 191-3,생활방범,1,,360도 전방면,30,May.13,042-288-2682,36.3445373,127.3921856,2020.1.7
대전광역시 서구청,,대전광역시 서구 탄방동 593,생활방범,1,,360도 전방면,30,May.13,042-288-2682,36.346978,127.384967,2020.1.7
대전광역시 서구청,대전광역시 서구 문정로90번길 60(탄방동),대전광역시 서구 탄방동 765,생활방범,1,,360도 전방면,30,May.13,042-288-2682,36.3447571,127.3882814,2020.1.7
대전광역시 서구청,대전광역시 서구 월평로37번길 30(월평동),대전광역시 서구 월평동 430,생활방범,1,,360도 전방면,30,Jun.13,042-288-2682,36.357955,127.3616027,2020.1.7
대전광역시 서구청,대전광역시 서구 계백로1037번길 51(정림동),대전광역시 서구 정림동 265-8,생활방범,1,,360도 전방면,30,Jun.13,042-288-2682,36.3109204,127.3674528,2020.1.7
대전광역시 서구청,대전광역시 서구 도산로282번길 90(가장동),대전광역시 서구 가장동 31-1,생활방범,1,,360도 전방면,30,Nov.13,042-288-2682,36.3288615,127.388442,2020.1.7
대전광역시 서구청,대전광역시 서구 갈마로역11번길 5(갈마동),대전광역시 서구 갈마동 900,생활방범,1,,360도 전방면,30,Nov.13,042-288-2682,36.351622,127.373164,2020.1.7
대전광역시 서구청,대전광역시 서구 대덕대로111번길 53(갈마동),대전광역시 서구 갈마동 403-24,생활방범,1,,360도 전방면,30,Nov.13,042-288-2682,36.343111,127.3719648,2020.1.7
대전광역시 서구청,,대전광역시 서구 관저동 1129,생활방범,1,,360도 전방면,30,Nov.13,042-288-2682,36.300953,127.329586,2020.1.7
대전광역시 서구청,대전광역시 서구 괴정로133번길 44(용문동),대전광역시 서구 용문동 268-15,생활방범,1,,360도 전방면,30,Nov.13,042-288-2682,36.3377498,127.3887962,2020.1.7
대전광역시 서구청,대전광역시 서구 동서대로1005번길 69(내동),대전광역시 서구 내동 37-32,생활방범,1,,360도 전방면,30,Nov.13,042-288-2682,36.3354418,127.376422,2020.1.7
대전광역시 서구청,대전광역시 서구 도마로 19(도마동),대전광역시 서구 도마동 30-14,생활방범,1,,360도 전방면,30,Nov.13,042-288-2682,36.3225639,127.3724529,2020.1.7
대전광역시 서구청,,대전광역시 서구 변동 57-1,생활방범,1,,360도 전방면,30,Nov.13,042-288-2682,36.323571,127.376498,2020.1.7
대전광역시 서구청,대전광역시 서구 월평새뜸로20번길(월평동),대전광역시 서구 월평동 1461,생활방범,1,,360도 전방면,30,Nov.13,042-288-2682,36.352886,127.353281,2020.1.7
대전광역시 서구청,대전광역시 서구 계룡로615번길 30(탄방동),대전광역시 서구 탄방동 85-22,생활방범,1,,360도 전방면,30,Nov.13,042-288-2682,36.340956,127.3924495,2020.1.7
대전광역시 서구청,대전광역시 서구 만년남로11번길 76(만년동),대전광역시 서구 만년동 66,생활방범,1,,360도 전방면,30,Nov.13,042-288-2682,36.366242,127.372319,2020.1.7
대전광역시 서구청,,대전광역시 서구 복수동 333,생활방범,2,,360도 전방면,30,Jun.13,042-288-2682,36.3028797,127.3753808,2020.1.7
대전광역시 서구청,,대전광역시 서구 도마동 359-12,생활방범,2,,360도 전방면,30,Jun.13,042-288-2682,36.318522,127.371253,2020.1.7
대전광역시 서구청,,대전광역시 서구 월평동 1-3,생활방범,4,,360도 전방면,30,Jun.13,042-288-2682,36.353839,127.361994,2020.1.7
대전광역시 서구청,,대전광역시 서구 복수동 270-43,생활방범,2,,360도 전방면,30,Jun.14,042-288-2682,36.307236,127.378414,2020.1.7
대전광역시 서구청,대전광역시 서구 변동중로 24(도마동),대전광역시 서구 도마동 16-39,생활방범,1,,360도 전방면,30,Jun.14,042-288-2682,36.3265276,127.3728154,2020.1.7
대전광역시 서구청,대전광역시 서구 정림동로20번길 1(정림동),대전광역시 서구 정림동 131-3,생활방범,1,,360도 전방면,30,Jun.14,042-288-2682,36.3046781,127.3677448,2020.1.7
대전광역시 서구청,대전광역시 서구 중반3길 79(변동),대전광역시 서구 변동 9-56,생활방범,1,,좌우양방향,30,Jun.14,042-288-2682,36.3255263,127.3838998,2020.1.7
대전광역시 서구청,대전광역시 서구 문예로 107(둔산동),대전광역시 서구 둔산동 1381,생활방범,1,,360도 전방면,30,Jun.14,042-288-2682,36.3563909,127.3891007,2020.1.7
대전광역시 서구청,대전광역시 서구 유등로 879(둔산동),대전광역시 서구 둔산동 907-1,생활방범,1,,360도 전방면,30,Jun.14,042-288-2682,36.3631747,127.3933667,2020.1.7
대전광역시 서구청,대전광역시 서구 대덕대로 270(둔산동),대전광역시 서구 둔산동 1375,생활방범,1,,360도 전방면,30,Jun.14,042-288-2682,36.3568947,127.3798164,2020.1.7
대전광역시 서구청,대전광역시 서구 문정로170번길 8(둔산동),대전광역시 서구 둔산동 1833,생활방범,1,,360도 전방면,30,Jun.14,042-288-2682,36.349341,127.396264,2020.1.7
대전광역시 서구청,대전광역시 서구 도산로321번길 18(가장동),대전광역시 서구 가장동 56-6,생활방범,1,,360도 전방면,30,Jun.14,042-288-2682,36.3355333,127.3869723,2020.1.7
대전광역시 서구청,대전광역시 서구 신갈마로 58-22(갈마동),대전광역시 서구 갈마동 264-24,생활방범,3,,360도 전방면,30,Jun.14,042-288-2682,36.3395979,127.3681066,2020.1.7
대전광역시 서구청,대전광역시 서구 도솔로 257(내동),대전광역시 서구 내동 19-24,생활방범,1,,360도 전방면,30,Jun.14,042-288-2682,36.3327577,127.378112,2020.1.7
대전광역시 서구청,대전광역시 서구 신갈마로230번길 41(갈마동),대전광역시 서구 갈마동 264-24,생활방범,2,,360도 전방면,30,Jun.14,042-288-2682,36.354204,127.3714469,2020.1.7
대전광역시 서구청,대전광역시 서구 괴정로11번길 72(갈마동),대전광역시 서구 갈마동 1327,생활방범,1,,360도 전방면,30,Jun.14,042-288-2682,36.3418969,127.375919,2020.1.7
대전광역시 서구청,대전광역시 서구 갈마로117번길 52(갈마동),대전광역시 서구 갈마동 405-17,생활방범,1,,360도 전방면,30,Jun.14,042-288-2682,36.344449,127.3706141,2020.1.7
대전광역시 서구청,대전광역시 서구 월평로13번길 28(월평동),대전광역시 서구 월평동 362,생활방범,3,,360도 전방면,30,Jun.14,042-288-2682,36.3565824,127.3582345,2020.1.7
대전광역시 서구청,대전광역시 서구 월평북로 41(월평동),대전광역시 서구 월평동 220,생활방범,1,,360도 전방면,30,Jun.14,042-288-2682,36.3631937,127.3724533,2020.1.7
대전광역시 서구청,대전광역시 서구 둔산대로117번길 106-27(만년동),대전광역시 서구 만년동 395,생활방범,1,,360도 전방면,30,Jun.14,042-288-2682,36.3707038,127.3819591,2020.1.7
대전광역시 서구청,대전광역시 서구 계백로 1095(가수원동),대전광역시 서구 가수원동 841,생활방범,1,,360도 전방면,30,Jun.14,042-288-2682,36.3044566,127.3458047,2020.1.7
대전광역시 서구청,대전광역시 서구 관저북로 94,대전광역시 서구 관저동 47-7,생활방범,1,,360도 전방면,30,Jun.14,042-288-2682,36.3107441,127.3380408,2020.1.7
대전광역시 서구청,,대전광역시 서구 관저동 1662,생활방범,1,,360도 전방면,30,Jun.14,042-288-2682,36.306379,127.333129,2020.1.7
대전광역시 서구청,대전광역시 서구 조련길 67 (흑석동),대전광역시 서구,생활방범,3,,360도 전방면,30,Jun.14,042-288-2682,36.252355,127.3451299,2020.1.7
대전광역시 서구청,대전광역시 서구 갈마중로 16번길 18(갈마동),대전광역시 서구 갈마동 352-4,생활방범,3,,360도 전방면,30,Jan.15,042-288-2682,36.3468282,127.3709347,2020.1.7
대전광역시 서구청,대전광역시 서구 월평서로 6번길 66(월평동),대전광역시 서구 월평동 933,생활방범,3,,360도 전방면,30,Jan.15,042-288-2682,36.3546905,127.3624081,2020.1.7
대전광역시 서구청,,대전광역시 서구 괴곡동 157번지 인근,생활방범,3,,360도 전방면,30,Jan.15,042-288-2682,36.278628,127.365836,2020.1.7
대전광역시 서구청,,대전광역시 서구 장안동 299번지,생활방범,3,,360도 전방면,30,Jan.15,042-288-2682,36.220798,127.338307,2020.1.7
대전광역시 서구청,대전광역시 서구 가수원로65번길 18(가수원동),대전광역시 서구 가수원동 641-39,생활방범,3,,360도 전방면,30,Jan.15,042-288-2682,36.2995093,127.3505712,2020.1.7
대전광역시 서구청,대전광역시 서구 들말 6길 38(가장동),대전광역시 서구 가장동 33-14,생활방범,3,,360도 전방면,30,Jan.15,042-288-2682,36.3288367,127.3861905,2020.1.7
대전광역시 서구청,대전광역시 서구 중반 2길 57(변동),대전광역시 서구 변동 35-23,생활방범,3,,360도 전방면,30,Jan.15,042-288-2682,36.325224,127.3821155,2020.1.7
대전광역시 서구청,,대전광역시 서구 도안동 450-1,생활방범,1,,360도 전방면,30,Aug.15,042-288-2682,36.331865,127.344801,2020.1.7
대전광역시 서구청,대전광역시 서구 동서대로 686(도안동),대전광역시 서구 도안동 707,생활방범,1,,360도 전방면,30,Aug.15,042-288-2682,36.33184301,127.3390337,2020.1.7
대전광역시 서구청,대전광역시 서구 도안동로 277(도안동),대전광역시 서구 도안동 837-1,생활방범,1,,360도 전방면,30,Aug.15,042-288-2682,36.32962767,127.3472791,2020.1.7
대전광역시 서구청,대전광역시 서구 도안북로 113(도안동),대전광역시 서구 도안동 897,생활방범,1,,360도 전방면,30,Aug.15,042-288-2682,36.330254,127.3413478,2020.1.7
대전광역시 서구청,,대전광역시 서구 도안동 521-2,생활방범,1,,360도 전방면,30,Aug.15,042-288-2682,36.3285277,127.3459766,2020.1.7
대전광역시 서구청,대전광역시 서구 도안북로 118번길 41(도안동),대전광역시 서구 도안동 928,생활방범,1,,360도 전방면,30,Aug.15,042-288-2682,36.3281548,127.3417797,2020.1.7
대전광역시 서구청,,대전광역시 서구 도안동 968(산17-1,생활방범,1,,360도 전방면,30,Aug.15,042-288-2682,36.32722002,127.3452724,2020.1.7
대전광역시 서구청,,대전광역시 서구 도안동 996,생활방범,1,,360도 전방면,30,Aug.15,042-288-2682,36.326167,127.3456668,2020.1.7
대전광역시 서구청,대전광역시 서구 원도안로 259(도안동),대전광역시 서구 도안동 1052,생활방범,1,,360도 전방면,30,Aug.15,042-288-2682,36.3258205,127.3474894,2020.1.7
대전광역시 서구청,,대전광역시 서구 도안동 1144,생활방범,1,,360도 전방면,30,Aug.15,042-288-2682,36.3250266,127.3454812,2020.1.7
대전광역시 서구청,대전광역시 서구 원도안로 200(도안동),대전광역시 서구 도안동 1363,생활방범,1,,360도 전방면,30,Aug.15,042-288-2682,36.3216343,127.3446688,2020.1.7
대전광역시 서구청,,대전광역시 서구 도안동 1338,생활방범,1,,360도 전방면,30,Aug.15,042-288-2682,36.3210516,127.3424302,2020.1.7
대전광역시 서구청,,대전광역시 서구 도안동 1526,생활방범,1,,360도 전방면,30,Aug.15,042-288-2682,36.3208747,127.3476219,2020.1.7
대전광역시 서구청,대전광역시 서구 원도안로 200(도안동),대전광역시 서구 도안동 1363,생활방범,1,,360도 전방면,30,Aug.15,042-288-2682,36.3216343,127.3446688,2020.1.7
대전광역시 서구청,,대전광역시 서구 도안동 1279,생활방범,1,,360도 전방면,30,Aug.15,042-288-2682,36.3201774,127.3432022,2020.1.7
대전광역시 서구청,,대전광역시 서구 도안동 1534,생활방범,1,,360도 전방면,30,Aug.15,042-288-2682,36.3190232,127.347655,2020.1.7
대전광역시 서구청,,대전광역시 서구 도안동 1355,생활방범,1,,360도 전방면,30,Aug.15,042-288-2682,36.3192075,127.3421365,2020.1.7
대전광역시 서구청,,대전광역시 서구 도안동 1265,생활방범,1,,360도 전방면,30,Aug.15,042-288-2682,36.318864,127.3439483,2020.1.7
대전광역시 서구청,대전광역시 서구 원도안로 160(도안동),대전광역시 서구 도안동 1367 도안중정문,생활방범,1,,360도 전방면,30,Aug.15,042-288-2682,36.31797071,127.3457931,2020.1.7
대전광역시 서구청,,대전광역시 서구 도안동171-1,생활방범,1,,360도 전방면,30,Aug.15,042-288-2682,36.317207,127.346624,2020.1.7
대전광역시 서구청,,대전광역시 서구 도안동 86-4,생활방범,1,,360도 전방면,30,Aug.15,042-288-2682,36.3158782,127.3452548,2020.1.7
대전광역시 서구청,,대전광역시 서구 도안동 1401,생활방범,1,,360도 전방면,30,Aug.15,042-288-2682,36.3148388,127.350475,2020.1.7
대전광역시 서구청,대전광역시 서구 도안중로 305번길 6(도안동),대전광역시 서구 도안동 1472,생활방범,1,,360도 전방면,30,Aug.15,042-288-2682,36.3129173,127.350599,2020.1.7
대전광역시 서구청,대전광역시 서구 원도안로 80(도안동),대전광역시 서구 도안동 1563,생활방범,1,,360도 전방면,30,Aug.15,042-288-2682,36.3112142,127.347478,2020.1.7
대전광역시 서구청,,대전광역시 서구 가수원동 689,생활방범,1,,360도 전방면,30,Aug.15,042-288-2682,36.311117,127.344827,2020.1.7
대전광역시 서구청,대전광역시 서구 용소로 43번길(가수원동),대전광역시 서구 가수원동 1091,생활방범,1,,360도 전방면,30,Aug.15,042-288-2682,36.31093002,127.3521251,2020.1.7
대전광역시 서구청,,대전광역시 서구 가수원동 1101,생활방범,1,,360도 전방면,30,Aug.15,042-288-2682,36.3104278,127.3528204,2020.1.7
대전광역시 서구청,,대전광역시 서구 가수원동 838,생활방범,1,,360도 전방면,30,Aug.15,042-288-2682,36.3101481,127.3470991,2020.1.7
대전광역시 서구청,,대전광역시 서구 가수원동 1149,생활방범,1,,360도 전방면,30,Aug.15,042-288-2682,36.3093894,127.3526675,2020.1.7
대전광역시 서구청,,대전광역시 서구 가수원동 243-3,생활방범,1,,360도 전방면,30,Aug.15,042-288-2682,36.238622,127.317439,2020.1.7
대전광역시 서구청,대전광역시 서구 원도안로25번길 97(가수원동),대전광역시 서구 가수원동 845,생활방범,1,,360도 전방면,30,Aug.15,042-288-2682,36.3090266,127.3473214,2020.1.7
대전광역시 서구청,,대전광역시 서구 가수원동 686-4,생활방범,1,,360도 전방면,30,Aug.15,042-288-2682,36.308497,127.342818,2020.1.7
대전광역시 서구청,대전광역시 서구 도안동로31번길 12-22(가수원동),대전광역시 서구 가수원동 927,생활방범,1,,360도 전방면,30,Aug.15,042-288-2682,36.3086472,127.3513325,2020.1.7
대전광역시 서구청,,대전광역시 서구 가수원동 925,생활방범,1,,360도 전방면,30,Aug.15,042-288-2682,36.308005,127.349327,2020.1.7
대전광역시 서구청,대전광역시 서구 용소로 46번길(가수원동),대전광역시 서구 가수원동 1237,생활방범,1,,360도 전방면,30,Aug.15,042-288-2682,36.307873,127.3538723,2020.1.7
대전광역시 서구청,대전광역시 서구 봉우로 56번길(관저동),대전광역시 서구 관저동 1647,생활방범,1,,360도 전방면,30,Aug.15,042-288-2682,36.3074559,127.3328772,2020.1.7
대전광역시 서구청,대전광역시 서구 관저북로 51번길 8-23(관저동),대전광역시 서구 관저동 1828,생활방범,1,,360도 전방면,30,Aug.15,042-288-2682,36.30738837,127.336554,2020.1.7
대전광역시 서구청,대전광역시 서구 용소로 40번길(가수원동),대전광역시 서구 가수원동 1358,생활방범,1,,360도 전방면,30,Aug.15,042-288-2682,36.3067752,127.3530345,2020.1.7
대전광역시 서구청,대전광역시 서구 원도안로 26번길 11(가수원동),대전광역시 서구 가수원동 899,생활방범,1,,360도 전방면,30,Aug.15,042-288-2682,36.3067509,127.3489225,2020.1.7
대전광역시 서구청,,대전광역시 서구 관저동 1919,생활방범,1,,360도 전방면,30,Aug.15,042-288-2682,36.238622,127.317439,2020.1.7
대전광역시 서구청,,대전광역시 서구 가수원동 194-7,생활방범,1,,360도 전방면,30,Aug.15,042-288-2682,36.3063613,127.3555606,2020.1.7
대전광역시 서구청,,대전광역시 서구 가수원동 1052,생활방범,1,,360도 전방면,30,Aug.15,042-288-2682,36.3050185,127.3508753,2020.1.7
대전광역시 서구청,,대전광역시 서구 가수원동 417-2,생활방범,1,,360도 전방면,30,Aug.15,042-288-2682,36.3046182,127.3475284,2020.1.7
대전광역시 서구청,대전광역시 서구 봉우로 30번길(관저동),대전광역시 서구 관저동 1737,생활방범,1,,360도 전방면,30,Aug.15,042-288-2682,36.3041421,127.336534,2020.1.7
대전광역시 서구청,대전광역시 서구 계백로 1095(가수원동),대전광역시 서구 가수원동 841,생활방범,1,,360도 전방면,30,Aug.15,042-288-2682,36.3044566,127.3458047,2020.1.7
대전광역시 서구청,,대전광역시 서구 관저동 1735,생활방범,1,,360도 전방면,30,Aug.15,042-288-2682,36.303655,127.345097,2020.1.7
대전광역시 서구청,,대전광역시 서구 관저동 1760,생활방범,1,,좌우양방향,30,Aug.15,042-288-2682,36.3021669,127.3365246,2020.1.7
대전광역시 서구청,대전광역시 서구 봉우로 8번길(관저동),대전광역시 서구 관저동 1748,생활방범,1,,좌우양방향,30,Aug.15,042-288-2682,36.3021047,127.3333111,2020.1.7
대전광역시 서구청,대전광역시 서구 청사로 70(월평동),대전광역시 서구 월평동 301,생활방범,3,,360도 전방면,30,Jun.15,042-288-2682,36.3588693,127.3713615,2020.1.7
대전광역시 서구청,대전광역시 서구 남선로 66(탄방동),대전광역시 서구 탄방동 1084,생활방범,3,,좌우양방향,30,Jun.15,042-288-2682,36.3461571,127.3977644,2020.1.7
대전광역시 서구청,대전광역시 서구 문정로 112안길 32(탄방동),대전광역시 서구 탄방동 909,생활방범,2,,좌우양방향,30,Jun.15,042-288-2682,36.3456664,127.3933975,2020.1.7
대전광역시 서구청,대전광역시 서구 도솔길 357번길 17(괴정동),대전광역시 서구 괴정동 60-8,생활방범,3,,좌우양방향,30,Jun.15,042-288-2682,36.3395336,127.3853268,2020.1.7
대전광역시 서구청,대전광역시 서구 신갈마로 209번길 16(갈마동),대전광역시 서구 갈마동 293-21,생활방범,3,,좌우양방향,30,Jun.15,042-288-2682,36.3523603,127.3675634,2020.1.7
대전광역시 서구청,대전광역시 서구 신갈마로211번안길 51(갈마동),대전광역시 서구 갈마동 328-1,생활방범,2,,좌우양방향,30,Jun.15,042-288-2682,36.3508469,127.3641385,2020.1.7
대전광역시 서구청,대전광역시 서구 갈마역로 55(갈마동),대전광역시 서구 갈마동 820,생활방범,3,,좌우양방향,30,Jun.15,042-288-2682,36.3555081,127.3740078,2020.1.7
대전광역시 서구청,대전광역시 서구 계룡로686번길 45(용문동),대전광역시 서구 용문동 252-13,생활방범,3,,좌우양방향,30,Jun.15,042-288-2682,36.3340165,127.394777,2020.1.7
대전광역시 서구청,대전광역시 서구 탄방로 142(용문동),대전광역시 서구 용문동 235-8,생활방범,2,,360도 전방면,30,Jun.15,042-288-2682,36.3368715,127.3989922,2020.1.7
대전광역시 서구청,대전광역시 서구 변동서로 28번길 106(변동),대전광역시 서구 변동 254-244,생활방범,3,,360도 전방면,30,Jun.15,042-288-2682,36.3318825,127.3662486,2020.1.7
대전광역시 서구청,대전광역시 서구 동서대로1064번길 38(변동),대전광역시 서구 동변동 19-48,생활방범,3,,360도 전방면,30,Jun.15,042-288-2682,36.3283229,127.377873,2020.1.7
대전광역시 서구청,대전광역시 서구 동서대로1079번길 14(내동),대전광역시 서구 내동 8-40,생활방범,3,,360도 전방면,30,Jun.15,042-288-2682,36.3295675,127.3812795,2020.1.7
대전광역시 서구청,대전광역시 서구 도마6길 117(도마동),대전광역시 서구 도마동 93-46,생활방범,3,,360도 전방면,30,Jun.15,042-288-2682,36.3183901,127.382291,2020.1.7
대전광역시 서구청,대전광역시 서구 용화5길 35(도마동),대전광역시 서구 도마동 24-27,생활방범,3,,360도 전방면,30,Jun.15,042-288-2682,36.3206265,127.3756046,2020.1.7
대전광역시 서구청,대전광역시 서구 도학2길 36(도마동),대전광역시 서구 도마동 47-23,생활방범,3,,360도 전방면,30,Jun.15,042-288-2682,36.3205472,127.3730303,2020.1.7
대전광역시 서구청,대전광역시 서구 배재로 81-48(도마동),대전광역시 서구 도마동 335-23,생활방범,2,,360도 전방면,30,Jun.15,042-288-2682,36.3159893,127.3705823,2020.1.7
대전광역시 서구청,대전광역시 서구 복수남로 19(복수동),대전광역시 서구 복수동 840,생활방범,3,,360도 전방면,30,Jun.15,042-288-2682,36.2976586,127.3789808,2020.1.7
대전광역시 서구청,대전광역시 서구 구봉로 13(관저동),대전광역시 서구 관저동 1140,생활방범,3,,360도 전방면,30,Jun.15,042-288-2682,36.2981946,127.3253842,2020.1.7
대전광역시 서구청,,대전광역시 서구 가수원동 609,생활방범,2,,360도 전방면,30,Jun.15,042-288-2682,36.295761,127.352057,2020.1.7
대전광역시 서구청,대전광역시 서구 정림로 77번길 33(정림동),대전광역시 서구 정림동 581,생활방범,2,,360도 전방면,30,Jun.15,042-288-2682,36.3066013,127.3628583,2020.1.7
대전광역시 서구청,대전광역시 서구 정림서로 181(정림동),대전광역시 서구 정림동 402-1,생활방범,2,,360도 전방면,30,Jun.15,042-288-2682,36.3032833,127.363044,2020.1.7
대전광역시 서구청,대전광역시 서구 벌곡로 1324(가수원동),대전광역시 서구 곡로 1324(가수원동),생활방범,1,,360도 전방면,30,Sep.15,042-288-2682,36.2994981,127.3561572,2020.1.7
대전광역시 서구청,대전광역시 서구 도산로 308번길 40(가장동),대전광역시 서구 가장동 23-9,생활방범,3,,360도 전방면,30,Sep.15,042-288-2682,36.3315739,127.3892143,2020.1.7
대전광역시 서구청,대전광역시 서구 들말4길 35(가장동),대전광역시 서구 가장동 36-30,생활방범,3,,360도 전방면,30,Sep.15,042-288-2682,36.329017,127.384799,2020.1.7
대전광역시 서구청,대전광역시 서구 계룡로367번길 49(갈마동),대전광역시 서구 갈마동 262-11,생활방범,3,,360도 전방면,30,Sep.15,042-288-2682,36.3548867,127.369827,2020.1.7
대전광역시 서구청,대전광역시 서구 계룡로314번길 11(갈마동),대전광역시 서구 갈마동 298-1,생활방범,1,,360도 전방면,30,Sep.15,042-288-2682,36.3530253,127.3632963,2020.1.7
대전광역시 서구청,대전광역시 서구 신갈마로155번길 10(갈마동),대전광역시 서구 갈마동 366-12,생활방범,3,,360도 전방면,30,Sep.15,042-288-2682,36.3475926,127.3677089,2020.1.7
대전광역시 서구청,대전광역시 서구 갈마로 147번길 64(갈마동),대전광역시 서구 갈마동 1373,생활방범,3,,360도 전방면,30,Sep.15,042-288-2682,36.3410933,127.3772414,2020.1.7
대전광역시 서구청,대전광역시 서구 갈마로 103번길 64(갈마동),대전광역시 서구 갈마동 348-32,생활방범,2,,360도 전방면,30,Sep.15,042-288-2682,36.3457654,127.371742,2020.1.7
대전광역시 서구청,대전광역시 서구 계룡로 410-12(갈마동),대전광역시 서구 갈마동 344-35,생활방범,1,,360도 전방면,30,Sep.15,042-288-2682,36.3498279,127.3728814,2020.1.7
대전광역시 서구청,대전광역시 서구 구봉산북로 94번길 130 (관저동),대전광역시 서구 관저동 776-8,생활방범,1,,360도 전방면,30,Sep.15,042-288-2682,36.2870728,127.3285011,2020.1.7
대전광역시 서구청,대전광역시 서구 관저중로 95번길 99(관저동),대전광역시 서구 관저동 1110,생활방범,1,,360도 전방면,30,Sep.15,042-288-2682,36.30114136,127.3337817,2020.1.7
대전광역시 서구청,대전광역시 서구 도솔로305번길 23(괴정동),대전광역시 서구 괴정동 97-1,생활방범,2,,360도 전방면,30,Sep.15,042-288-2682,36.3363407,127.3805594,2020.1.7
대전광역시 서구청,대전광역시 서구 괴정로22번길 53(괴정동),대전광역시 서구 괴정동 119-34,생활방범,2,,360도 전방면,30,Sep.15,042-288-2682,36.3389076,127.3788696,2020.1.7
대전광역시 서구청,대전광역시 서구 도솔로 336(괴정동),대전광역시 서구 괴정동 80-7,생활방범,1,,360도 전방면,30,Sep.15,042-288-2682,36.337228,127.384398,2020.1.7
대전광역시 서구청,대전광역시 서구 방앗간길 1072(원정동),대전광역시 서구 원정동 581-6,생활방범,1,,360도 전방면,30,Sep.15,042-288-2682,36.2637339,127.293603,2020.1.7
대전광역시 서구청,대전광역시 서구 세점길 630(봉곡동),대전광역시 서구 봉곡동 305-10,생활방범,1,,360도 전방면,30,Sep.15,042-288-2682,36.2754863,127.3205186,2020.1.7
대전광역시 서구청,대전광역시 서구 안터길 3(신직동),대전광역시 서구 산직동 453-5,생활방범,2,,360도 전방면,30,Sep.15,042-288-2682,36.2350054,127.3419416,2020.1.7
대전광역시 서구청,,대전광역시 서구 흑석동 158,생활방범,2,,360도 전방면,30,Sep.15,042-288-2682,36.260766,127.346239,2020.1.7
대전광역시 서구청,대전광역시 서구 도솔로 251번길 75(내동),대전광역시 서구 내동 25-1,생활방범,2,,360도 전방면,30,Sep.15,042-288-2682,36.3344308,127.374597,2020.1.7
대전광역시 서구청,대전광역시 서구 동서대로 1030번길 28(내동),대전광역시 서구 내동 29-72,생활방범,2,,360도 전방면,30,Sep.15,042-288-2682,36.3304103,127.3750609,2020.1.7
대전광역시 서구청,대전광역시 서구 유등로 295(도마동),대전광역시 서구 도마동 86-49,생활방범,1,,360도 전방면,30,Sep.15,042-288-2682,36.3177269,127.383724,2020.1.7
대전광역시 서구청,대전광역시 서구 용화7길 42(도마동),대전광역시 서구 도마동45-5,생활방범,2,,360도 전방면,30,Sep.15,042-288-2682,36.3207179,127.374408,2020.1.7
대전광역시 서구청,대전광역시 서구 도마로37번길 14(도마동),대전광역시 서구 도마동 39-1,생활방범,2,,360도 전방면,30,Sep.15,042-288-2682,36.3232397,127.3748398,2020.1.7
대전광역시 서구청,대전광역시 서구 제비네11길 15(도마동),대전광역시 서구 도마동 148-9,생활방범,2,,360도 전방면,30,Sep.15,042-288-2682,36.314923,127.3771562,2020.1.7
대전광역시 서구청,대전광역시 서구 제비네10길 66(도마동),대전광역시 서구 도마동 154-13,생활방범,1,,360도 전방면,30,Sep.15,042-288-2682,36.3139782,127.3744382,2020.1.7
대전광역시 서구청,대전광역시 서구 도림5길 19(도마동),대전광역시 서구,생활방범,2,,360도 전방면,30,Sep.15,042-288-2682,36.3117737,127.3718534,2020.1.7
대전광역시 서구청,대전광역시 서구 대덕대로 195(둔산동),대전광역시 서구 둔산동 1043,생활방범,2,,360도 전방면,30,Sep.15,042-288-2682,36.3507143,127.3776294,2020.1.7
대전광역시 서구청,대전광역시 서구 문정로170번길 46(둔산동),대전광역시 서구 둔산동 2114,생활방범,1,,360도 전방면,30,Sep.15,042-288-2682,36.3493274,127.3984286,2020.1.7
대전광역시 서구청,대전광역시 서구 변정1길 24(변동),대전광역시 서구 변동 49-43,생활방범,2,,360도 전방면,30,Sep.15,042-288-2682,36.3244455,127.3796805,2020.1.7
대전광역시 서구청,대전광역시 서구 동서대로 1138번길(변동),대전광역시 서구 변동 2-2,생활방범,1,,360도 전방면,30,Sep.15,042-288-2682,36.3274752,127.3866088,2020.1.7
대전광역시 서구청,대전광역시 서구 변정2길 17(변동),대전광역시 서구 변동45-8,생활방범,2,,360도 전방면,30,Sep.15,042-288-2682,36.3238633,127.3814114,2020.1.7
대전광역시 서구청,대전광역시 서구 복수동로 81(복수동),대전광역시 서구 복수동 853,생활방범,2,,360도 전방면,30,Sep.15,042-288-2682,36.2970285,127.3780873,2020.1.7
대전광역시 서구청,대전광역시 서구 도산로 370번길 20(용문동),대전광역시 서구 용문동 260-1,생활방범,1,,360도 전방면,30,Sep.15,042-288-2682,36.3366959,127.392767,2020.1.7
대전광역시 서구청,대전광역시 서구 계룡로662번길 21(용문동),대전광역시 서구 용문동 256-15,생활방범,1,,360도 전방면,30,Sep.15,042-288-2682,36.3360111,127.3940586,2020.1.7
대전광역시 서구청,대전광역시 서구 계룡로 649번길 29(용문동),대전광역시 서구 용문동 242-15,생활방범,2,,360도 전방면,30,Sep.15,042-288-2682,36.3388583,127.394959,2020.1.7
대전광역시 서구청,대전광역시 서구 아랫강변1길 39(용문동),대전광역시 서구 용문동 238-16,생활방범,1,,360도 전방면,30,Sep.15,042-288-2682,36.3365775,127.3969894,2020.1.7
대전광역시 서구청,대전광역시 서구 한밭대로 592번길 3(월평동),대전광역시 서구,생활방범,1,,360도 전방면,30,Sep.15,042-288-2682,36.3577911,127.3646737,2020.1.7
대전광역시 서구청,대전광역시 서구 월평중로 13번길 10(월평동),대전광역시 서구 월평동 907,생활방범,2,,360도 전방면,30,Sep.15,042-288-2682,36.3557698,127.363337,2020.1.7
대전광역시 서구청,대전광역시 서구 정림서로 201-6(정림동),대전광역시 서구 정림동 416,생활방범,1,,360도 전방면,30,Sep.15,042-288-2682,36.3055985,127.3622304,2020.1.7
대전광역시 서구청,대전광역시 서구 남선로 60번길 9(탄방동),대전광역시 서구 탄방동1279,생활방범,1,,360도 전방면,30,Sep.15,042-288-2682,36.3485683,127.399274,2020.1.7
대전광역시 서구청,대전광역시 서구 남선로 31-24(탄방동),대전광역시 서구 탄방동1101,생활방범,1,,360도 전방면,30,Sep.15,042-288-2682,36.3468422,127.3960101,2020.1.7
대전광역시 서구청,대전광역시 서구 탄방로 83(탄방동),대전광역시 서구 탄방동 75-16,생활방범,2,,360도 전방면,30,Sep.15,042-288-2682,36.3410049,127.3947752,2020.1.7
대전광역시 서구청,,대전광역시 서구 둔산동 1524,생활방범,2,,360도 전방면,30,Nov.15,042-288-2682,36.358352,127.399708,2020.1.7
대전광역시 서구청,,대전광역시 서구 둔산동 2275,생활방범,3,,360도 전방면,30,May.15,042-288-2682,36.238622,127.317439,2020.1.7
대전광역시 서구청,대전광역시 서구 계룡로681,대전광역시 서구,생활방범,4,,360도 전방면,30,May.15,042-288-2682,36.3360027,127.3963266,2020.1.7
대전광역시 서구청,대전광역시 서구 계룡로509번길 31(탄방동),대전광역시 서구 탄방동 616,생활방범,2,,360도 전방면,30,May.16,042-288-2682,36.3453848,127.3822372,2020.1.7
대전광역시 서구청,대전광역시 서구 괴정로149번길 38(용문동),대전광역시 서구 용문동 276-8,생활방범,2,,360도 전방면,30,May.16,042-288-2682,36.3364492,127.3898179,2020.1.7
대전광역시 서구청,대전광역시 서구 도산로253번길 75(내동),대전광역시 서구 내동 17-1,생활방범,2,,360도 전방면,30,May.16,042-288-2682,36.3321633,127.3795815,2020.1.7
대전광역시 서구청,대전광역시 서구 괴정로 98(괴정동),대전광역시 서구 괴정동 77-22,생활방범,2,,360도 전방면,30,May.16,042-288-2682,36.3385029,127.3838054,2020.1.7
대전광역시 서구청,대전광역시 서구 가장로 61(괴정),대전광역시 서구 괴정동 86-4,생활방범,2,,360도 전방면,30,May.16,042-288-2682,36.3370143,127.3824604,2020.1.7
대전광역시 서구청,대전광역시 서구 대덕대로161번길 38(갈마동),대전광역시 서구 갈마동 914,생활방범,2,,360도 전방면,30,May.16,042-288-2682,36.3489639,127.3744871,2020.1.7
대전광역시 서구청,,대전광역시 서구 관저동 1616,생활방범,2,,360도 전방면,30,May.16,042-288-2682,36.299371,127.3465497,2020.1.7
대전광역시 서구청,,대전광역시 서구 관저동 209-2,생활방범,2,,360도 전방면,30,May.16,042-288-2682,36.2957316,127.3438855,2020.1.7
대전광역시 서구청,,대전광역시 서구 관저동 1594,생활방범,2,,360도 전방면,30,May.16,042-288-2682,36.2938386,127.3412032,2020.1.7
대전광역시 서구청,대전광역시 서구 복수동로52번길 55(복수동),대전광역시 서구 복수동 583앞,생활방범,2,,360도 전방면,30,Jun.16,042-288-2682,36.2988339,127.376214,2020.1.7
대전광역시 서구청,대전광역시 서구 복수동로52번길 55(복수동),대전광역시 서구 복수동 583인근,생활방범,2,,360도 전방면,30,Jun.16,042-288-2682,36.2988339,127.3762303,2020.1.7
대전광역시 서구청,대전광역시 서구 도학4길 38(도마동),대전광역시 서구 도마동 51-46,생활방범,2,,360도 전방면,30,Jun.16,042-288-2682,36.3207672,127.3716821,2020.1.7
대전광역시 서구청,대전광역시 서구 도마13길 47(도마동),대전광역시 서구 도마동 83-35,생활방범,2,,360도 전방면,30,Jun.16,042-288-2682,36.3208089,127.3834937,2020.1.7
대전광역시 서구청,대전광역시 서구 대신1길 14(도마동),대전광역시 서구 도마동 182-1,생활방범,2,,360도 전방면,30,Jun.16,042-288-2682,36.3117959,127.3788587,2020.1.7
대전광역시 서구청,대전광역시 서구 바탕들3길 28(도마동),대전광역시 서구 도마동 176-6,생활방범,2,,360도 전방면,30,Jun.16,042-288-2682,36.312824,127.3817826,2020.1.7
대전광역시 서구청,대전광역시 서구 제비네3길 23(도마동),대전광역시 서구 도마동 146-3,생활방범,2,,360도 전방면,30,Jun.16,042-288-2682,36.314242,127.3779308,2020.1.7
대전광역시 서구청,대전광역시 서구 대신1길 14(도마동),대전광역시 서구 도마동 185-2,생활방범,2,,360도 전방면,30,Jun.16,042-288-2682,36.3117959,127.3788587,2020.1.7
대전광역시 서구청,대전광역시 서구 배재로91번길 54(도마동),대전광역시 서구 도마동 330-19,생활방범,2,,360도 전방면,30,Jun.16,042-288-2682,36.317142,127.3685547,2020.1.7
대전광역시 서구청,대전광역시 서구 배재로91번길 72(도마동),대전광역시 서구 도마동 330-30,생활방범,2,,360도 전방면,30,Jun.16,042-288-2682,36.3180807,127.368797,2020.1.7
대전광역시 서구청,,대전광역시 서구 괴곡동 169-1,생활방범,2,,360도 전방면,30,Jun.16,042-288-2682,36.238622,127.317439,2020.1.7
대전광역시 서구청,대전광역시 서구 계백로 1310-16,대전광역시 서구 정림동 16-18,생활방범,2,,360도 전방면,30,Jun.16,042-288-2682,36.308046,127.3684726,2020.1.7
대전광역시 서구청,대전광역시 서구 괴곡길 158(괴곡동),대전광역시 서구 괴곡동 338-4,생활방범,2,,360도 전방면,30,Jun.16,042-288-2682,36.290128,127.3609088,2020.1.7
대전광역시 서구청,대전광역시 서구 도마로 115(변동),대전광역시 서구 변동 68-23,생활방범,2,,360도 전방면,30,Jun.16,042-288-2682,36.321402,127.3829649,2020.1.7
대전광역시 서구청,대전광역시 서구 서구 중반9길 16,대전광역시 서구 변동 2-30,생활방범,2,,360도 전방면,30,Jun.16,042-288-2682,36.3267162,127.386831,2020.1.7
대전광역시 서구청,대전광역시 서구 중반4길 42(변동),대전광역시 서구 변동 10-1,생활방범,2,,360도 전방면,30,Jun.16,042-288-2682,36.326899,127.3829546,2020.1.7
대전광역시 서구청,대전광역시 서구 변정4길 26(변동),대전광역시 서구 변동 67-1,생활방범,2,,360도 전방면,30,Jun.16,042-288-2682,36.3223662,127.384006,2020.1.7
대전광역시 서구청,대전광역시 서구 도솔로499번길 56(변동),대전광역시 서구 용문동 214-6,생활방범,2,,360도 전방면,30,Jun.16,042-288-2682,36.3429378,127.4006155,2020.1.7
대전광역시 서구청,대전광역시 서구 아랫강변6길 77(용문동),대전광역시 서구 용문동 228-7,생활방범,2,,360도 전방면,30,Jun.16,042-288-2682,36.3406945,127.3973721,2020.1.7
대전광역시 서구청,대전광역시 서구 도솔로519번길 9(용문동),대전광역시 서구 용문동 221-38,생활방범,2,,360도 전방면,30,Jun.16,042-288-2682,36.340299,127.4001079,2020.1.7
대전광역시 서구청,대전광역시 서구 괴정로165번길 18(용문동),대전광역시 서구 용문동 278-38,생활방범,2,,360도 전방면,30,Jun.16,042-288-2682,36.3347519,127.390326,2020.1.7
대전광역시 서구청,대전광역시 서구 큰마을5길 23(탄방동),대전광역시 서구 탄방동 511-51,생활방범,2,,360도 전방면,30,Jun.16,042-288-2682,36.342049,127.3787676,2020.1.7
대전광역시 서구청,대전광역시 서구 도산로431번길 26(탄방동),대전광역시 서구 탄방동 70-10,생활방범,2,,360도 전방면,30,Jun.16,042-288-2682,36.342171,127.3961419,2020.1.7
대전광역시 서구청,대전광역시 서구 탄방로 50-30(탄방동),대전광역시 서구 탄방동 57-34,생활방범,2,,360도 전방면,30,Jun.16,042-288-2682,36.3422498,127.3909696,2020.1.7
대전광역시 서구청,대전광역시 서구 남선로9번길 47-2(탄방동),대전광역시 서구 탄방동 952,생활방범,2,,360도 전방면,30,Jun.16,042-288-2682,36.3452678,127.394928,2020.1.7
대전광역시 서구청,대전광역시 서구 남선로59번길 28(탄방동),대전광역시 서구 탄방동 1188,생활방범,2,,360도 전방면,30,Jun.16,042-288-2682,36.348569,127.396581,2020.1.7
대전광역시 서구청,대전광역시 서구 문정로2번길 33(탄방동),대전광역시 서구 탄방동 636,생활방범,2,,360도 전방면,30,Jun.16,042-288-2682,36.3440785,127.3819802,2020.1.7
대전광역시 서구청,,대전광역시 서구 둔산동 2155,생활방범,2,,360도 전방면,30,Jun.16,042-288-2682,36.356585,127.401331,2020.1.7
대전광역시 서구청,,대전광역시 서구 둔산동 1838,생활방범,2,,360도 전방면,30,Jun.16,042-288-2682,36.351128,127.398857,2020.1.7
대전광역시 서구청,대전광역시 서구 갈마로147번길 22(괴정동),대전광역시 서구 괴정동 126-11,생활방범,2,,360도 전방면,30,Jun.16,042-288-2682,36.340986,127.3748465,2020.1.7
대전광역시 서구청,대전광역시 서구 계룡로546번길 7-3(괴정동),대전광역시 서구 괴정동 7-28,생활방범,2,,360도 전방면,30,Jun.16,042-288-2682,36.3424038,127.3843852,2020.1.7
대전광역시 서구청,대전광역시 서구 도솔로308번길 3(괴정동),대전광역시 서구 괴정동 88-18,생활방범,2,,360도 전방면,30,Jun.16,042-288-2682,36.335395,127.3829947,2020.1.7
대전광역시 서구청,대전광역시 서구 유등로465번길 48(가장동),대전광역시 서구 가장동 18-2,생활방범,2,,360도 전방면,30,Jun.16,042-288-2682,36.332651,127.3904487,2020.1.7
대전광역시 서구청,대전광역시 서구 갈마로295번길 26(가장동),대전광역시 서구 가장동 43-9,생활방범,2,,360도 전방면,30,Jun.16,042-288-2682,36.3315497,127.386215,2020.1.7
대전광역시 서구청,대전광역시 서구 도솔로279번길 49(내동),대전광역시 서구 내동 38-5,생활방범,2,,360도 전방면,30,Jun.16,042-288-2682,36.335674,127.3778872,2020.1.7
대전광역시 서구청,대전광역시 서구 동서대로998번길 18(내동),대전광역시 서구 내동 184-2,생활방범,2,,360도 전방면,30,Jun.16,042-288-2682,36.3324411,127.3725363,2020.1.7
대전광역시 서구청,대전광역시 서구 배재로262번길 18(내동),대전광역시 서구 내동 186-53,생활방범,2,,360도 전방면,30,Jun.16,042-288-2682,36.3314266,127.372085,2020.1.7
대전광역시 서구청,대전광역시 서구 계룡로342번길 95(갈마동),대전광역시 서구 갈마동 320-14,생활방범,2,,360도 전방면,30,Jun.16,042-288-2682,36.349765,127.366406,2020.1.7
대전광역시 서구청,대전광역시 서구 계룡로342번길 115(갈마동),대전광역시 서구 갈마동 336-25,생활방범,2,,360도 전방면,30,Jun.16,042-288-2682,36.3487287,127.3666313,2020.1.7
대전광역시 서구청,대전광역시 서구 신갈마로240번길 34(갈마동),대전광역시 서구 갈마동 264-7,생활방범,2,,360도 전방면,30,Jun.16,042-288-2682,36.3548848,127.3713557,2020.1.7
대전광역시 서구청,대전광역시 서구 신갈마로127번길 88(갈마동),대전광역시 서구 갈마동 428-7,생활방범,2,,360도 전방면,30,Jun.16,042-288-2682,36.3429988,127.3658099,2020.1.7
대전광역시 서구청,대전광역시 서구 신갈마로 75-6(갈마동),대전광역시 서구 갈마동 427-26,생활방범,2,,360도 전방면,30,Jun.16,042-288-2682,36.3412268,127.3661205,2020.1.7
대전광역시 서구청,대전광역시 서구 갈마역로25번길 13(갈마동),대전광역시 서구 갈마동 845,생활방범,2,,360도 전방면,30,Jun.16,042-288-2682,36.3526682,127.3734971,2020.1.7
대전광역시 서구청,대전광역시 서구 갈마중로28번길 24-8(갈마동),대전광역시 서구 갈마동 348-42,생활방범,2,,360도 전방면,30,Jun.16,042-288-2682,36.3467069,127.3720208,2020.1.7
대전광역시 서구청,대전광역시 서구 갈마로147번길 5-8(갈마동),대전광역시 서구 갈마동 1275,생활방범,2,,360도 전방면,30,Jun.16,042-288-2682,36.34108836,127.374369,2020.1.7
대전광역시 서구청,대전광역시 서구 계룡로339번길 7(월평동),대전광역시 서구 월평동 770,생활방범,2,,360도 전방면,30,Jun.16,042-288-2682,36.3546561,127.3667794,2020.1.7
대전광역시 서구청,대전광역시 서구 월평서로25번길 65(월평동),대전광역시 서구 월평동 1372,생활방범,2,,360도 전방면,30,Jun.16,042-288-2682,36.353549,127.354431,2020.1.7
대전광역시 서구청,대전광역시 서구 만년남로3번길 92-14(만년동),대전광역시 서구 만년동 36,생활방범,2,,360도 전방면,30,Jun.16,042-288-2682,36.366053,127.3714977,2020.1.7
대전광역시 서구청,대전광역시 서구 벌곡로1328번안길 124-33(가수원동),대전광역시 서구 가수원동547-52,생활방범,2,,360도 전방면,30,Jun.16,042-288-2682,36.298274,127.357432,2020.1.7
대전광역시 서구청,,대전광역시 서구 가수원동 839,생활방범,2,,360도 전방면,30,Jun.16,042-288-2682,36.238622,127.317439,2020.1.7
대전광역시 서구청,대전광역시 서구 가수원로 17-19(가수원동),대전광역시 서구 가수원동 813-7,생활방범,2,,360도 전방면,30,Jun.16,042-288-2682,36.2965247,127.3546152,2020.1.7
대전광역시 서구청,대전광역시 서구 벌곡로 1369-6(가수원동),대전광역시 서구 가수원동 766-10,생활방범,2,,360도 전방면,30,Jun.16,042-288-2682,36.3033795,127.3534419,2020.1.7
대전광역시 서구청,,대전광역시 서구 관저동 1890,생활방범,2,,360도 전방면,30,Jun.16,042-288-2682,36.3048974,127.3365833,2020.1.7
대전광역시 서구청,대전광역시 서구 관저동로105번길 86(관저동),대전광역시 서구 관저동 1007,생활방범,2,,360도 전방면,30,Jun.16,042-288-2682,36.3010535,127.335811,2020.1.7
대전광역시 서구청,대전광역시 서구 구봉산북로 184-33(관저동),대전광역시 서구 관저동 300-2,생활방범,2,,360도 전방면,30,Jun.16,042-288-2682,36.290825,127.3416703,2020.1.7
대전광역시 서구청,,대전광역시 서구 우명동 320,생활방범,2,,360도 전방면,30,Jun.16,042-288-2682,36.237481,127.285671,2020.1.7
대전광역시 서구청,대전광역시 서구 영골길 82-40(오동),대전광역시 서구 오동 352-1,생활방범,2,,360도 전방면,30,Jun.16,042-288-2682,36.2271632,127.3097342,2020.1.7
대전광역시 서구청,,대전광역시 서구 평촌동 428-1,생활방범,2,,360도 전방면,30,Jun.16,042-288-2682,36.236433,127.307286,2020.1.7
대전광역시 서구청,대전광역시 서구 구봉로 433(정림동),대전광역시 서구 정림동 680,생활방범,2,,360도 전방면,30,Jun.16,042-288-2682,36.30096848,127.367002,2020.1.7
대전광역시 서구청,,대전광역시 서구 복수동 781,생활방범,2,,360도 전방면,30,Nov.16,042-288-2682,36.2977305,127.3778379,2020.1.7
대전광역시 서구청,,대전광역시 서구 복수동 819,생활방범,2,,360도 전방면,30,Nov.16,042-288-2682,36.2962086,127.3760167,2020.1.7
대전광역시 서구청,대전광역시 서구 대신4길 96(도마동),대전광역시 서구 도마동 183-4,생활방범,2,,360도 전방면,30,Nov.16,042-288-2682,36.3113255,127.3800996,2020.1.7
대전광역시 서구청,대전광역시 서구 바탕들5길 11(도마동),대전광역시 서구 도마동 137-11,생활방범,2,,360도 전방면,30,Nov.16,042-288-2682,36.3142317,127.3843611,2020.1.7
대전광역시 서구청,대전광역시 서구 도마8길 10(도마동),대전광역시 서구 도마동 97-13,생활방범,2,,360도 전방면,30,Nov.16,042-288-2682,36.3185555,127.3785256,2020.1.7
대전광역시 서구청,대전광역시 서구 도마로 60(도마동),대전광역시 서구 도마동 69-4,생활방범,2,,360도 전방면,30,Nov.16,042-288-2682,36.3221653,127.3768898,2020.1.7
대전광역시 서구청,대전광역시 서구 도솔6길 37(도마동),대전광역시 서구 도마동 157-9,생활방범,2,,360도 전방면,30,Nov.16,042-288-2682,36.3153932,127.3720371,2020.1.7
대전광역시 서구청,대전광역시 서구 사마7길 42(도마동),대전광역시 서구 도마동 124-1,생활방범,2,,360도 전방면,30,Nov.16,042-288-2682,36.3171559,127.375806,2020.1.7
대전광역시 서구청,대전광역시 서구 배재로91번길 19(도마동),대전광역시 서구 도마동 328-7,생활방범,2,,360도 전방면,30,Nov.16,042-288-2682,36.3167556,127.3701129,2020.1.7
대전광역시 서구청,대전광역시 서구 사마7길 10(도마동),대전광역시 서구 도마동 124-7,생활방범,2,,360도 전방면,30,Nov.16,042-288-2682,36.3166906,127.3743798,2020.1.7
대전광역시 서구청,,대전광역시 서구 도마동 산 7-9,생활방범,1,,360도 전방면,30,Nov.16,042-288-2682,36.3229473,127.3607013,2020.1.7
대전광역시 서구청,대전광역시 서구 계백로1286번길 49(정림동),대전광역시 서구 정림동 125,생활방범,2,,360도 전방면,30,Nov.16,042-288-2682,36.3058396,127.3670438,2020.1.7
대전광역시 서구청,대전광역시 서구 동서대로1006번길 92(변동),대전광역시 서구 변동 247-1,생활방범,2,,360도 전방면,30,Nov.16,042-288-2682,36.329114,127.3712216,2020.1.7
대전광역시 서구청,대전광역시 서구 도마로57번길 81-2(변동),대전광역시 서구 변동 53-30,생활방범,2,,360도 전방면,30,Nov.16,042-288-2682,36.3259409,127.3765374,2020.1.7
대전광역시 서구청,대전광역시 서구 중반8길 98(변동),대전광역시 서구 변동 2-10,생활방범,2,,360도 전방면,30,Nov.16,042-288-2682,36.3273603,127.3857824,2020.1.7
대전광역시 서구청,대전광역시 서구 아랫강변3길 23(용문동),대전광역시 서구 용문동 245-15,생활방범,2,,360도 전방면,30,Nov.16,042-288-2682,36.3374656,127.3960782,2020.1.7
대전광역시 서구청,대전광역시 서구 유등로 591(용문동),대전광역시 서구 용문동 222-25,생활방범,2,,360도 전방면,30,Nov.16,042-288-2682,36.3398024,127.4011731,2020.1.7
대전광역시 서구청,대전광역시 서구 남선로9번길 5(탄방동),대전광역시 서구 탄방동 65-24,생활방범,2,,360도 전방면,30,Nov.16,042-288-2682,36.3442873,127.3956223,2020.1.7
대전광역시 서구청,대전광역시 서구 계룡로603번길 39(탄방동),대전광역시 서구 탄방동 58-19,생활방범,2,,360도 전방면,30,Nov.16,042-288-2682,36.3421147,127.3917719,2020.1.7
대전광역시 서구청,대전광역시 서구 둔지로 16(둔산동),대전광역시 서구 둔산동 1067,생활방범,2,,360도 전방면,30,Nov.16,042-288-2682,36.350985,127.3763148,2020.1.7
대전광역시 서구청,,대전광역시 서구 둔산동 1544,생활방범,2,,360도 전방면,30,Nov.16,042-288-2682,36.3535097,127.3849377,2020.1.7
대전광역시 서구청,대전광역시 서구 괴정로98번길 87(괴정동),대전광역시 서구 괴정동 94-31,생활방범,2,,360도 전방면,30,Nov.16,042-288-2682,36.3357363,127.3808725,2020.1.7
대전광역시 서구청,대전광역시 서구 도솔로279번길 124(괴정동),대전광역시 서구 괴정동153-6,생활방범,2,,360도 전방면,30,Nov.16,042-288-2682,36.3382861,127.3752097,2020.1.7
대전광역시 서구청,대전광역시 서구 도솔로319번길 26(괴정동),대전광역시 서구 괴정동 70-16,생활방범,2,,360도 전방면,30,Nov.16,042-288-2682,36.338181,127.3816892,2020.1.7
대전광역시 서구청,대전광역시 서구 괴정로8번길 100(괴정동),대전광역시 서구 괴정동 110-22,생활방범,2,,360도 전방면,30,Nov.16,042-288-2682,36.3366544,127.3791548,2020.1.7
대전광역시 서구청,대전광역시 서구 도산로314번길 13(가장동),대전광역시 서구 가장동 54-43,생활방범,2,,360도 전방면,30,Nov.16,042-288-2682,36.333507,127.3883321,2020.1.7
대전광역시 서구청,대전광역시 서구 동서대로1022번길 7-16(내동),대전광역시 서구 내동 29-40,생활방범,2,,360도 전방면,30,Nov.16,042-288-2682,36.3312842,127.3748301,2020.1.7
대전광역시 서구청,대전광역시 서구 도솔로 251번길 56(내동),대전광역시 서구 내동 40-49,생활방범,2,,360도 전방면,30,Nov.16,042-288-2682,36.3339238,127.3757152,2020.1.7
대전광역시 서구청,대전광역시 서구 신갈마로209번길 90(갈마동),대전광역시 서구 갈마동 298-22,생활방범,2,,360도 전방면,30,Nov.16,042-288-2682,36.3522508,127.3634018,2020.1.7
대전광역시 서구청,대전광역시 서구 신갈마로211번길 58(갈마동),대전광역시 서구 갈마동 290-12,생활방범,2,,360도 전방면,30,Nov.16,042-288-2682,36.3533232,127.3647546,2020.1.7
대전광역시 서구청,,대전광역시 서구 갈마동 413-2,생활방범,2,,360도 전방면,30,Nov.16,042-288-2682,36.3459541,127.3642404,2020.1.7
대전광역시 서구청,대전광역시 서구 대덕대로127번길 11(갈마동),대전광역시 서구 갈마동 1189,생활방범,2,,360도 전방면,30,Nov.16,042-288-2682,36.3449414,127.3740959,2020.1.7
대전광역시 서구청,대전광역시 서구 갑천도시고속도로 1987(월평동),대전광역시 서구 월평동 75-1,생활방범,2,,360도 전방면,30,Nov.16,042-288-2682,36.3411108,127.3534459,2020.1.7
대전광역시 서구청,대전광역시 서구 만년남로3번길 25(만년동),대전광역시 서구 만년동 213,생활방범,2,,360도 전방면,30,Nov.16,042-288-2682,36.3652677,127.3752381,2020.1.7
대전광역시 서구청,대전광역시 서구 벌곡로 1321-10(가수원동),대전광역시 서구 가수원동 793-4,생활방범,2,,360도 전방면,30,Nov.16,042-288-2682,36.2993675,127.3551303,2020.1.7
대전광역시 서구청,대전광역시 서구 가수원중로65번길 19(가수원동),대전광역시 서구 가수원동 801-4,생활방범,2,,360도 전방면,30,Nov.16,042-288-2682,36.298806,127.3524954,2020.1.7
대전광역시 서구청,,대전광역시 서구 관저동 875-72,생활방범,2,,360도 전방면,30,Nov.16,042-288-2682,36.2935928,127.3214793,2020.1.7
대전광역시 서구청,,대전광역시 서구 흑성동 62,생활방범,2,,360도 전방면,30,Nov.16,042-288-2682,36.2678589,127.3521128,2020.1.7
대전광역시 서구청,,대전광역시 서구 원정동 1062,생활방범,2,,360도 전방면,30,Nov.16,042-288-2682,36.2577883,127.3015425,2020.1.7
대전광역시 서구청,대전광역시 서구 장안로 420(장안동),대전광역시 서구 장안동 281-8,생활방범,3,,360도 전방면,30,Nov.16,042-288-2682,36.2221699,127.3426285,2020.1.7
대전광역시 서구청,,대전광역시 서구 흑석동 738,생활방범,2,,360도 전방면,30,Nov.16,042-288-2682,36.2753656,127.3440038,2020.1.7
대전광역시 서구청,,대전광역시 서구 정림동 402-3,생활방범,2,,360도 전방면,30,Dec.16,042-288-2682,36.238622,127.317439,2020.1.7
대전광역시 서구청,,대전광역시 서구 만년동 414,생활방범,4,,360도 전방면,30,Jan.16,042-288-2682,36.369412,127.379448,2020.1.7
대전광역시 서구청,대전광역시 서구 도산로 177,대전광역시 서구 변동 60-3,생활방범,3,,360도 전방면,30,Jan.16,042-288-2682,36.32419841,127.3783396,2020.1.7
대전광역시 서구청,대전광역시 서구 배재로 117,대전광역시 서구 도마동 359-12,생활방범,2,,360도 전방면,30,Jan.16,042-288-2682,36.318522,127.370907,2020.1.7
대전광역시 서구청,대전광역시 서구 가수원로7번길 2,대전광역시 서구 가수원동 810-8,생활방범,3,,360도 전방면,30,Aug.17,042-288-2682,36.297455,127.355412,2020.1.7
대전광역시 서구청,대전광역시 서구 가수원동 계백로 1166-7,대전광역시 서구 가수원동 764-10,생활방범,3,,360도 전방면,30,Aug.17,042-288-2682,36.3045913,127.3530277,2020.1.7
대전광역시 서구청,대전광역시 서구 (가장동 40-4번지),대전광역시 서구 가장동 40-4번지,생활방범,2,,360도 전방면,30,Aug.17,042-288-2682,36.3299014,127.3850304,2020.1.7
대전광역시 서구청,대전광역시 서구 월평동로26번길 7(갈마동),대전광역시 서구 갈마동 724,생활방범,2,,360도 전방면,30,Aug.17,042-288-2682,36.35743445,127.368941,2020.1.7
대전광역시 서구청,대전광역시 서구 대덕대로162번길 23(갈마동),대전광역시 서구 갈마동 1432,생활방범,2,,360도 전방면,30,Aug.17,042-288-2682,36.3469366,127.376994,2020.1.7
대전광역시 서구청,대전광역시 서구 관저동로 99(관저동),대전광역시 서구 관저동 1287,생활방범,3,,360도 전방면,30,Aug.17,042-288-2682,36.3009507,127.3402413,2020.1.7
대전광역시 서구청,대전광역시 서구 괴정로8번길 41(괴정동),대전광역시 서구 괴정동 124-2,생활방범,3,,360도 전방면,30,Aug.17,042-288-2682,36.3387183,127.377039,2020.1.7
대전광역시 서구청,대전광역시 서구 가장로 15(괴정동),대전광역시 서구 괴정동 120,생활방범,2,,360도 전방면,30,Aug.17,042-288-2682,36.3400127,127.3791505,2020.1.7
대전광역시 서구청,,대전광역시 서구 장안동 125-2번지,생활방범,2,,360도 전방면,30,Aug.17,042-288-2682,36.231794,127.349358,2020.1.7
대전광역시 서구청,,대전광역시 서구 평촌동 171-27번지,생활방범,2,,360도 전방면,30,Aug.17,042-288-2682,36.238606,127.318711,2020.1.7
대전광역시 서구청,대전광역시 서구 동서대로973번길 7(내동),대전광역시 서구 내동 162-11,생활방범,3,,360도 전방면,30,Aug.17,042-288-2682,36.3347451,127.3707345,2020.1.7
대전광역시 서구청,대전광역시 서구 변동중로 9-17(도마동),대전광역시 서구 도마동 14-11번지,생활방범,2,,360도 전방면,30,Aug.17,042-288-2682,36.3276298,127.3710924,2020.1.7
대전광역시 서구청,대전광역시 서구 도마동 134-92번지,대전광역시 서구 도마동 134-92,생활방범,2,,360도 전방면,30,Aug.17,042-288-2682,36.315262,127.381765,2020.1.7
대전광역시 서구청,대전광역시 서구 도마6길 38(도마동),대전광역시 서구 도마동 89-1,생활방범,2,,360도 전방면,30,Aug.17,042-288-2682,36.317395,127.379195,2020.1.7
대전광역시 서구청,대전광역시 서구 도림6길 69(도마동),대전광역시 서구 도마동 550-8,생활방범,3,,360도 전방면,30,Aug.17,042-288-2682,36.3120046,127.3693326,2020.1.7
대전광역시 서구청,대전광역시 서구 제비네6길 28(도마동),대전광역시 서구 도마동 171-40,생활방범,3,,360도 전방면,30,Aug.17,042-288-2682,36.312766,127.3770383,2020.1.7
대전광역시 서구청,대전광역시 서구 둔산남로 107(둔산동),대전광역시 서구 둔산동 1494,생활방범,3,,360도 전방면,30,Aug.17,042-288-2682,36.3492588,127.3895174,2020.1.7
대전광역시 서구청,대전광역시 서구 대덕대로176번길59(둔산동),대전광역시 서구 둔산동 1135,생활방범,3,,360도 전방면,30,Aug.17,042-288-2682,36.3468528,127.3792522,2020.1.7
대전광역시 서구청,대전광역시 서구 둔산대로117번길56(만년동),대전광역시 서구 만년동 385,생활방범,3,,360도 전방면,30,Aug.17,042-288-2682,36.3674508,127.3825788,2020.1.7
대전광역시 서구청,대전광역시 서구 중반3길 9(변동),대전광역시 서구 변동 12-16,생활방범,3,,360도 전방면,30,Aug.17,042-288-2682,36.3268483,127.381086,2020.1.7
대전광역시 서구청,대전광역시 서구 변동중로78번길 25(변동),대전광역시 서구 변동 14-32,생활방범,3,,360도 전방면,30,Aug.17,042-288-2682,36.3292945,127.3788535,2020.1.7
대전광역시 서구청,대전광역시 서구 아랫강변10길 54(용문동),대전광역시 서구 용문동 224-42,생활방범,2,,360도 전방면,30,Aug.17,042-288-2682,36.3386515,127.3991968,2020.1.7
대전광역시 서구청,대전광역시 서구 월평서로6번길 16(월평동),대전광역시 서구 월평동 1092,생활방범,2,,360도 전방면,30,Aug.17,042-288-2682,36.3542271,127.3596833,2020.1.7
대전광역시 서구청,"대전광역시 서구 원평동로45(월평동,진달래아파트)1",대전광역시 서구 월평동 312-1,생활방범,3,,360도 전방면,30,Aug.17,042-288-2682,36.3590644,127.3668406,2020.1.7
대전광역시 서구청,,대전광역시 서구 괴곡동 960-2,생활방범,2,,360도 전방면,30,Aug.17,042-288-2682,36.238622,127.317439,2020.1.7
대전광역시 서구청,대전광역시 서구 계룡로585번길 29(탄방동),대전광역시 서구 탄방동 55-23,생활방범,3,,360도 전방면,30,Aug.17,042-288-2682,36.3431199,127.3899418,2020.1.7
대전광역시 서구청,,대전광역시 서구 가장동 38-11,생활방범,2,,360도 전방면,30,Dec.17,042-288-2682,36.328939,127.381914,2020.1.7
대전광역시 서구청,,대전광역시 서구 월평동 1503-1,생활방범,2,,360도 전방면,30,Dec.17,042-288-2682,36.3582475,127.364729,2020.1.7
대전광역시 서구청,,대전광역시 서구 월평동 1503-1,생활방범,4,,360도 전방면,30,Jun.17,042-288-2682,36.3582475,127.364729,2020.1.7
대전광역시 서구청,대전광역시 서구 도산로 182,대전광역시 서구 변동 49-11,생활방범,3,,360도 전방면,30,Jun.17,042-288-2682,36.324429,127.3789533,2020.1.7
대전광역시 서구청,대전광역시 서구 도솔로 377,대전광역시 서구 괴정동 6-4,생활방범,2,,360도 전방면,30,Jun.17,042-288-2682,36.3404279,127.3874731,2020.1.7
대전광역시 서구청,대전광역시 서구 계백로 1307번길 75-1(정림동),대전광역시 서구 정림동 산 23-3,생활방범,2,,360도 전방면,30,Mar.18,042-288-2682,36.3115585,127.3660846,2020.1.7
대전광역시 서구청,대전광역시 서구 계백로 1313(정림동),대전광역시 서구 정림동 5-28,생활방범,2,,360도 전방면,30,Mar.18,042-288-2682,36.3092307,127.3681546,2020.1.7
대전광역시 서구청,대전광역시 서구 정림로66번길 15(정림동),대전광역시 서구 정림동 550,생활방범,2,,360도 전방면,30,Mar.18,042-288-2682,36.3065236,127.365958,2020.1.7
대전광역시 서구청,대전광역시 서구 정림로 56-9(정림동),대전광역시 서구 정림동 599,생활방범,2,,360도 전방면,30,Mar.18,042-288-2682,36.3055544,127.365903,2020.1.7
대전광역시 서구청,대전광역시 서구 관저남로 60(관저동),대전광역시 서구 관저동 1592,생활방범,2,,360도 전방면,30,May.18,042-288-2682,36.2949504,127.3409491,2020.1.7
대전광역시 서구청,대전광역시 서구 가수원중로 57번길 56,대전광역시 서구 가수원동 804-9,생활방범,2,,360도 전방면,30,May.18,042-288-2682,36.297971,127.3534191,2020.1.7
대전광역시 서구청,대전광역시 서구 배재로 107-9,대전광역시 서구 도마동 333-19,생활방범,2,,360도 전방면,30,May.18,042-288-2682,36.3180089,127.3707365,2020.1.7
대전광역시 서구청,대전광역시 서구 가수원중로 23,대전광역시 서구 가수원동 795-2,생활방범,2,,360도 전방면,30,May.18,042-288-2682,36.300175,127.353945,2020.1.7
대전광역시 서구청,대전광역시 서구 도마 1길 15,대전광역시 서구 도마 1동 142-56,생활방범,2,,360도 전방면,30,Jun.18,042-288-2682,36.3142211,127.380943,2020.1.7
대전광역시 서구청,대전광역시 서구 유등로 323,대전광역시 서구 도마 1동 84-13,생활방범,2,,360도 전방면,30,Jun.18,042-288-2682,36.3203888,127.3839881,2020.1.7
대전광역시 서구청,대전광역시 서구 도림 6길 14,대전광역시 서구 도마 2동 564-11,생활방범,2,,360도 전방면,30,Jun.18,042-288-2682,36.3108255,127.3711606,2020.1.7
대전광역시 서구청,대전광역시 서구 배재로 227번길 25,대전광역시 서구 변동 252-125,생활방범,2,,360도 전방면,30,Jun.18,042-288-2682,36.328877,127.3690176,2020.1.7
대전광역시 서구청,대전광역시 서구 계룡로 562번길 40,대전광역시 서구 괴정동 9-6,생활방범,3,,360도 전방면,30,Jun.18,042-288-2682,36.341255,127.3839094,2020.1.7
대전광역시 서구청,대전광역시 서구 유등로 465번길 25,대전광역시 서구 가장동 19-34,생활방범,2,,360도 전방면,30,Jun.18,042-288-2682,36.331853,127.3910468,2020.1.7
대전광역시 서구청,대전광역시 서구 도솔로 279번길 20,대전광역시 서구 내동 31-44,생활방범,2,,360도 전방면,30,Jun.18,042-288-2682,36.334849,127.379273,2020.1.7
대전광역시 서구청,대전광역시 서구 벌곡로 1384번길 104,대전광역시 서구 가수원동 172-1,생활방범,2,,360도 전방면,30,Jun.18,042-288-2682,36.3052113,127.3592046,2020.1.7
대전광역시 서구청,대전광역시 서구 관저동로 47-9,대전광역시 서구 관저동 1378,생활방범,2,,360도 전방면,30,Jun.18,042-288-2682,36.2960916,127.3399972,2020.1.7
대전광역시 서구청,대전광역시 서구 노루벌 1길 409,대전광역시 서구 흑석동 545-11,생활방범,2,,360도 전방면,30,Jun.18,042-288-2682,36.2712298,127.3406761,2020.1.7
대전광역시 서구청,대전광역시 서구 도솔로 189-56,대전광역시 서구 도마동 17-26,생활방범,2,,360도 전방면,30,Mar.19,042-288-2682,36.3273001,127.3733427,2020.1.7
대전광역시 서구청,대전광역시 서구 변중로8,대전광역시 서구 도마동 16-49,생활방범,2,,360도 전방면,30,Mar.19,042-288-2682,36.3264394,127.3711378,2020.1.7
대전광역시 서구청,대전광역시 서구 도마로25번길56,대전광역시 서구 도마동 33-14,생활방범,2,,360도 전방면,30,Mar.19,042-288-2682,36.3249264,127.3732014,2020.1.7
대전광역시 서구청,대전광역시 서구 용화1길12-15,대전광역시 서구 도마동 69-11,생활방범,2,,360도 전방면,30,Mar.19,042-288-2682,36.32183394,127.3771299,2020.1.7
대전광역시 서구청,대전광역시 서구 용화2길13,대전광역시 서구 도마동 65-44,생활방범,2,,360도 전방면,30,Mar.19,042-288-2682,36.3203445,127.377019,2020.1.7
대전광역시 서구청,,대전광역시 서구 복수동 286-1,생활방범,2,,360도 전방면,30,Apr.19,042-288-2682,36.310027,127.374809,2020.1.7
대전광역시 서구청,대전광역시 서구 복수동로 104,대전광역시 서구 복수동 825,생활방범,2,,360도 전방면,30,Apr.19,042-288-2682,36.2955662,127.376652,2020.1.7
대전광역시 서구청,대전광역시 서구 유등로 295,대전광역시 서구 도마동 86-49,생활방범,1,,360도 전방면,30,May.19,042-288-2682,36.3177269,127.383724,2020.1.7
대전광역시 서구청,도안북로 116,대전광역시 서구 도안동 963,생활방범,2,,360도 전방면,30,Dec.19,042-288-2682,36.32998003,127.341227,2020.1.7
대전광역시 서구청,신갈마로 181번길 55,대전광역시 서구 갈마동 330-1,생활방범,2,,360도 전방면,30,Dec.19,042-288-2682,36.34957028,127.364898,2020.1.7
대전광역시 서구청,대덕대로 105,대전광역시 서구 갈마동 1218,생활방범,2,,360도 전방면,30,Dec.19,042-288-2682,36.343105,127.374283,2020.1.7
대전광역시 서구청,관저중로 80번길 28,대전광역시 서구 관저동 1085,생활방범,2,,360도 전방면,30,Dec.19,042-288-2682,36.29913601,127.337117,2020.1.7
대전광역시 서구청,가장로 29번길 21,대전광역시 서구 괴정동 69-42,생활방범,3,,360도 전방면,30,Dec.19,042-288-2682,36.339442,127.380524,2020.1.7
대전광역시 서구청,세점길 311,대전광역시 서구 봉곡동 산 20,생활방범,2,,360도 전방면,30,Dec.19,042-288-2682,36.266367,127.332093,2020.1.7
대전광역시 서구청,도솔로 245번길 61,대전광역시 서구 내동 23-3,생활방범,2,,360도 전방면,30,Dec.19,042-288-2682,36.333487,127.3744904,2020.1.7
대전광역시 서구청,도마동 420-1,대전광역시 서구 도안동 970,생활방범,2,,360도 전방면,30,Dec.19,042-288-2682,36.325927,127.368811,2020.1.7
대전광역시 서구청,둔산로 31번길 61,대전광역시 서구 둔산동 997,생활방범,2,,360도 전방면,30,Dec.19,042-288-2682,36.3545354,127.377452,2020.1.7
대전광역시 서구청,변정2길 52,대전광역시 서구 변동 64-1,생활방범,2,,360도 전방면,30,Dec.19,042-288-2682,36.322529,127.380776,2020.1.7
대전광역시 서구청,계룡로 620번길 7,대전광역시 서구 용문동 589-3,생활방범,2,,360도 전방면,30,Dec.19,042-288-2682,36.339647,127.391188,2020.1.7
대전광역시 서구청,계룡로 232번길 171,대전광역시 서구 월평동 60-1,생활방범,2,,360도 전방면,30,Dec.19,042-288-2682,36.344073,127.3550165,2020.1.7
대전광역시 서구청,남선로 66,대전광역시 서구 탄방동 1084,생활방범,2,,360도 전방면,30,Dec.19,042-288-2682,36.346637,127.398239,2020.1.7
대전광역시 서구청,,대전광역시 서구 복수동 1005,생활방범,2,,360도 전방면,30,Dec.19,042-288-2682,36.307362,127.373677,2020.1.7
대전광역시 서구청,,대전광역시 서구 복수동 1006,생활방범,2,,360도 전방면,30,Dec.19,042-288-2682,36.307738,127.373529,2020.1.7
대전광역시 서구청,,대전광역시 서구 가수원동 1355,생활방범,2,,360도 전방면,30,Dec.19,042-288-2682,36.311511,127.352388,2020.1.7
대전광역시 서구청,,대전광역시 서구 관저동 994,생활방범,2,,360도 전방면,30,Dec.19,042-288-2682,36.304519,127.340793,2020.1.7
대전광역시 서구청,,대전광역시 서구 관저동 1630,생활방범,2,,360도 전방면,30,Dec.19,042-288-2682,36.295126,127.340541,2020.1.7
대전광역시 서구청,,대전광역시 서구 관저동 1160,생활방범,2,,360도 전방면,30,Dec.19,042-288-2682,36.297105,127.326511,2020.1.7
대전광역시 서구청,,대전광역시 서구 도안동 982,생활방범,2,,360도 전방면,30,Dec.19,042-288-2682,36.307716,127.337006,2020.1.7
대전광역시 서구청,정림동로 30번길 45,대전광역시 서구 정림동 197-5,생활방범,2,,360도 전방면,30,Dec.19,042-288-2682,36.303495,127.367588,2020.1.7
대전광역시 서구청,계룡로 326번길 125,대전광역시 서구 갈마동 368-1,생활방범,2,,360도 전방면,30,Dec.19,042-288-2682,36.348553,127.365561,2020.1.7
대전광역시 서구청,,대전광역시 서구 갈마동 427-52,생활방범,2,,360도 전방면,30,Dec.19,042-288-2682,36.340116,127.365917,2020.1.7
대전광역시 서구청,,대전광역시 서구 갈마동 1267,생활방범,2,,360도 전방면,30,Dec.19,042-288-2682,36.347374,127.374801,2020.1.7
대전광역시 서구청,,대전광역시 서구 둔산동 1545,생활방범,2,,360도 전방면,30,Dec.19,042-288-2682,36.351333,127.383034,2020.1.7
대전광역시 서구청,,대전광역시 서구 둔산동 2275,생활방범,2,,360도 전방면,30,Dec.19,042-288-2682,36.349486,127.401966,2020.1.7
대전광역시 서구청,,대전광역시 서구 용문동 269,생활방범,2,,360도 전방면,30,Dec.19,042-288-2682,36.333933,127.391396,2020.1.7
대전광역시 서구청,,대전광역시 서구 용문동 264,생활방범,2,,360도 전방면,30,Dec.19,042-288-2682,36.335543,127.393204,2020.1.7
대전광역시 서구청,,대전광역시 서구 월평동 1528-2,생활방범,2,,360도 전방면,30,Dec.19,042-288-2682,36.353204,127.358516,2020.1.7
대전광역시 서구청,,대전광역시 서구 월평동 305,생활방범,2,,360도 전방면,30,Dec.19,042-288-2682,36.361078,127.369743,2020.1.7
대전광역시 서구청,,대전광역시 서구 탄방동 1460,생활방범,2,,360도 전방면,30,Dec.19,042-288-2682,36.347394,127.401376,2020.1.7
대전광역시 서구청,,대전광역시 서구 둔산동 1547,생활방범,2,,360도 전방면,30,Dec.19,042-288-2682,36.351337,127.386629,2020.1.7